"date","close"
2004-12-01,0.517300009727478
2004-12-02,0.519749999046326
2004-12-03,0.514379978179932
2004-12-06,0.516340017318726
2004-12-07,0.514110028743744
2004-12-08,0.516240000724792
2004-12-09,0.51994001865387
2004-12-10,0.52266001701355
2004-12-13,0.519800007343292
2004-12-14,0.518809974193573
2004-12-15,0.514800012111664
2004-12-16,0.51775997877121
2004-12-17,0.514930009841919
2004-12-20,0.513610005378723
2004-12-21,0.518400013446808
2004-12-22,0.522220015525818
2004-12-23,0.519779980182648
2004-12-24,0.520319998264313
2004-12-27,0.516820013523102
2004-12-28,0.518890023231506
2004-12-29,0.521399974822998
2004-12-30,0.519800007343292
2004-12-31,0.5208899974823
2005-01-03,0.525039970874786
2005-01-04,0.530900001525879
2005-01-05,0.530359983444214
2005-01-06,0.532909989356995
2005-01-07,0.534389972686768
2005-01-10,0.532790005207062
2005-01-11,0.532310009002686
2005-01-12,0.528900027275085
2005-01-13,0.531629979610443
2005-01-14,0.534590005874634
2005-01-17,0.538420021533966
2005-01-18,0.536679983139038
2005-01-19,0.534500002861023
2005-01-20,0.534590005874634
2005-01-21,0.532710015773773
2005-01-24,0.532230019569397
2005-01-25,0.536390006542206
2005-01-26,0.531319975852966
2005-01-27,0.528819978237152
2005-01-28,0.529439985752106
2005-01-31,0.53073000907898
2005-02-01,0.530979990959167
2005-02-02,0.530589997768402
2005-02-03,0.531239986419678
2005-02-04,0.53381997346878
2005-02-07,0.538209974765778
2005-02-08,0.539399981498718
2005-02-09,0.537869989871979
2005-02-10,0.535300016403198
2005-02-11,0.534789979457855
2005-02-14,0.52989000082016
2005-02-15,0.527620017528534
2005-02-16,0.53073000907898
2005-02-17,0.527700006961823
2005-02-18,0.5278400182724
2005-02-21,0.527199983596802
2005-02-22,0.523230016231537
2005-02-23,0.524550020694733
2005-02-24,0.524249970912933
2005-02-25,0.520940005779266
2005-02-28,0.521049976348877
2005-03-01,0.521189987659454
2005-03-02,0.522710025310516
2005-03-03,0.524410009384155
2005-03-04,0.51994001865387
2005-03-07,0.522220015525818
2005-03-08,0.518509984016418
2005-03-09,0.520099997520447
2005-03-10,0.519800007343292
2005-03-11,0.51910001039505
2005-03-14,0.522520005702972
2005-03-15,0.52267998456955
2005-03-16,0.51885998249054
2005-03-17,0.519429981708527
2005-03-18,0.520070016384125
2005-03-21,0.52742999792099
2005-03-22,0.530340015888214
2005-03-23,0.534590005874634
2005-03-24,0.53522002696991
2005-03-25,0.534269988536835
2005-03-27,0.535820007324219
2005-03-28,0.533159971237183
2005-03-29,0.532649993896484
2005-03-30,0.529240012168884
2005-03-31,0.530759990215302
2005-04-03,0.532959997653961
2005-04-04,0.53193998336792
2005-04-05,0.532060027122498
2005-04-06,0.534560024738312
2005-04-07,0.530110001564026
2005-04-10,0.529020011425018
2005-04-11,0.528760015964508
2005-04-12,0.527899980545044
2005-04-13,0.532060027122498
2005-04-14,0.528209984302521
2005-04-17,0.525129973888397
2005-04-18,0.521589994430542
2005-04-19,0.521269977092743
2005-04-20,0.523829996585846
2005-04-21,0.522469997406006
2005-04-24,0.523119986057281
2005-04-25,0.524739980697632
2005-04-26,0.525349974632263
2005-04-27,0.524160027503967
2005-04-28,0.523699998855591
2005-05-01,0.527760028839111
2005-05-02,0.528069972991943
2005-05-03,0.525730013847351
2005-05-04,0.525619983673096
2005-05-05,0.528649985790253
2005-05-08,0.53056001663208
2005-05-09,0.530250012874603
2005-05-10,0.533760011196136
2005-05-11,0.536620020866394
2005-05-12,0.540629982948303
2005-05-15,0.543770015239716
2005-05-16,0.545260012149811
2005-05-17,0.543600022792816
2005-05-18,0.544809997081757
2005-05-19,0.546779990196228
2005-05-22,0.546660006046295
2005-05-23,0.547379970550537
2005-05-24,0.545970022678375
2005-05-25,0.549329996109009
2005-05-26,0.548009991645813
2005-05-29,0.548370003700256
2005-05-30,0.550149977207184
2005-05-31,0.552519977092743
2005-06-01,0.550750017166138
2005-06-02,0.550899982452393
2005-06-05,0.548219978809357
2005-06-06,0.545459985733032
2005-06-07,0.548129975795746
2005-06-08,0.549210011959076
2005-06-09,0.551630020141602
2005-06-12,0.55307000875473
2005-06-13,0.553680002689362
2005-06-14,0.548489987850189
2005-06-15,0.548669993877411
2005-06-16,0.546000003814697
2005-06-19,0.548669993877411
2005-06-20,0.547049999237061
2005-06-21,0.549179971218109
2005-06-22,0.55077999830246
2005-06-23,0.548219978809357
2005-06-26,0.546869993209839
2005-06-27,0.550300002098083
2005-06-28,0.553460001945496
2005-06-29,0.558570027351379
2005-06-30,0.565320014953613
2005-07-03,0.568050026893616
2005-07-04,0.568830013275146
2005-07-05,0.570779979228973
2005-07-06,0.573819994926453
2005-07-07,0.575179994106293
2005-07-10,0.569180011749268
2005-07-11,0.562780022621155
2005-07-12,0.567019999027252
2005-07-13,0.568830013275146
2005-07-14,0.571129977703094
2005-07-17,0.57234001159668
2005-07-18,0.575839996337891
2005-07-19,0.574379980564117
2005-07-20,0.570219993591309
2005-07-21,0.575039982795715
2005-07-24,0.572640001773834
2005-07-25,0.575670003890991
2005-07-26,0.573689997196198
2005-07-27,0.569540023803711
2005-07-28,0.568759977817535
2005-07-31,0.565550029277802
2005-08-01,0.564589977264404
2005-08-02,0.562489986419678
2005-08-03,0.561450004577637
2005-08-04,0.562179982662201
2005-08-07,0.560350000858307
2005-08-08,0.559319972991943
2005-08-09,0.556729972362518
2005-08-10,0.551720023155212
2005-08-11,0.550930023193359
2005-08-14,0.552579998970032
2005-08-15,0.552760004997253
2005-08-16,0.553529977798462
2005-08-17,0.557200014591217
2005-08-18,0.557070016860962
2005-08-21,0.555149972438812
2005-08-22,0.555280029773712
2005-08-23,0.555429995059967
2005-08-24,0.554750025272369
2005-08-25,0.555369973182678
2005-08-28,0.556640028953552
2005-08-29,0.559939980506897
2005-08-30,0.554509997367859
2005-08-31,0.545669972896576
2005-09-01,0.542800009250641
2005-09-04,0.542649984359741
2005-09-05,0.543179988861084
2005-09-06,0.544449985027313
2005-09-07,0.544659972190857
2005-09-08,0.543630003929138
2005-09-11,0.549149990081787
2005-09-12,0.548609972000122
2005-09-13,0.5485799908638
2005-09-14,0.553219974040985
2005-09-15,0.552879989147186
2005-09-18,0.554660022258759
2005-09-19,0.556270003318787
2005-09-21,0.558099985122681
2005-09-22,0.563160002231598
2005-09-25,0.562150001525879
2005-09-26,0.565900027751923
2005-09-27,0.565230011940002
2005-09-28,0.568539977073669
2005-09-29,0.566699981689453
2005-10-02,0.570609986782074
2005-10-03,0.568700015544891
2005-10-04,0.565320014953613
2005-10-05,0.562590003013611
2005-10-06,0.567920029163361
2005-10-09,0.570129990577698
2005-10-10,0.572929978370667
2005-10-11,0.570680022239685
2005-10-12,0.56989997625351
2005-10-13,0.565320014953613
2005-10-16,0.570420026779175
2005-10-17,0.571979999542236
2005-10-18,0.567120015621185
2005-10-19,0.56360000371933
2005-10-20,0.56538999080658
2005-10-23,0.565320014953613
2005-10-24,0.560509979724884
2005-10-25,0.563090026378632
2005-10-26,0.560570001602173
2005-10-27,0.563790023326874
2005-10-31,0.565360009670258
2005-11-01,0.566640019416809
2005-11-02,0.563030004501343
2005-11-03,0.56453001499176
2005-11-04,0.571399986743927
2005-11-07,0.573589980602264
2005-11-08,0.573889970779419
2005-11-09,0.573390007019043
2005-11-10,0.57464998960495
2005-11-11,0.574450016021729
2005-11-14,0.575510025024414
2005-11-15,0.575800001621246
2005-11-16,0.58177000284195
2005-11-17,0.581430017948151
2005-11-18,0.582849979400635
2005-11-21,0.58271998167038
2005-11-22,0.580889999866486
2005-11-23,0.580690026283264
2005-11-24,0.580550014972687
2005-11-25,0.582849979400635
2005-11-28,0.578540027141571
2005-11-29,0.582449972629547
2005-11-30,0.577730000019073
2005-12-01,0.577030003070831
2005-12-02,0.576730012893677
2005-12-05,0.574180006980896
2005-12-06,0.573819994926453
2005-12-07,0.576340019702911
2005-12-08,0.570739984512329
2005-12-09,0.569739997386932
2005-12-12,0.563510000705719
2005-12-13,0.564939975738525
2005-12-14,0.56453001499176
2005-12-15,0.566479980945587
2005-12-16,0.564019978046417
2005-12-19,0.567340016365051
2005-12-20,0.569280028343201
2005-12-21,0.573159992694855
2005-12-22,0.575469970703125
2005-12-23,0.576900005340576
2005-12-26,0.577830016613007
2005-12-27,0.578029990196228
2005-12-28,0.581499993801117
2005-12-29,0.579639971256256
2005-12-30,0.581160008907318
2006-01-02,0.581669986248016
2006-01-03,0.571889996528625
2006-01-04,0.569050014019012
2006-01-05,0.569700002670288
2006-01-06,0.564719974994659
2006-01-09,0.566699981689453
2006-01-10,0.56673002243042
2006-01-11,0.566030025482178
2006-01-12,0.567889988422394
2006-01-13,0.562590003013611
2006-01-16,0.566120028495789
2006-01-17,0.565869987010956
2006-01-18,0.567470014095306
2006-01-19,0.569149971008301
2006-01-20,0.564649999141693
2006-01-23,0.559750020503998
2006-01-24,0.560699999332428
2006-01-25,0.560509979724884
2006-01-26,0.561360001564026
2006-01-27,0.565710008144379
2006-01-30,0.565900027751923
2006-01-31,0.56224000453949
2006-02-01,0.563409984111786
2006-02-02,0.56224000453949
2006-02-03,0.567309975624084
2006-02-06,0.572380006313324
2006-02-07,0.572539985179901
2006-02-08,0.574280023574829
2006-02-09,0.572870016098022
2006-02-10,0.573199987411499
2006-02-13,0.573689997196198
2006-02-14,0.575999975204468
2006-02-15,0.574609994888306
2006-02-16,0.574880003929138
2006-02-17,0.573859989643097
2006-02-20,0.573099970817566
2006-02-21,0.572769999504089
2006-02-22,0.573390007019043
2006-02-23,0.570710003376007
2006-02-24,0.573230028152466
2006-02-27,0.574750006198883
2006-02-28,0.570060014724731
2006-03-01,0.571430027484894
2006-03-02,0.57029002904892
2006-03-03,0.569509983062744
2006-03-06,0.571460008621216
2006-03-07,0.575869977474213
2006-03-08,0.575770020484924
2006-03-09,0.576099991798401
2006-03-10,0.579270005226135
2006-03-13,0.576099991798401
2006-03-14,0.572409987449646
2006-03-15,0.572179973125458
2006-03-16,0.569220006465912
2006-03-17,0.569310009479523
2006-03-20,0.569570004940033
2006-03-21,0.571720004081726
2006-03-22,0.572480022907257
2006-03-23,0.576600015163422
2006-03-24,0.573859989643097
2006-03-26,0.572610020637512
2006-03-27,0.57371997833252
2006-03-28,0.576300024986267
2006-03-29,0.572380006313324
2006-03-30,0.575469970703125
2006-04-02,0.574710011482239
2006-04-03,0.569670021533966
2006-04-04,0.57055002450943
2006-04-05,0.570869982242584
2006-04-06,0.573360025882721
2006-04-09,0.573620021343231
2006-04-10,0.571560025215149
2006-04-11,0.570999979972839
2006-04-12,0.570420026779175
2006-04-13,0.570519983768463
2006-04-16,0.564999997615814
2006-04-17,0.560540020465851
2006-04-18,0.558040022850037
2006-04-19,0.562430024147034
2006-04-20,0.560949981212616
2006-04-23,0.559530019760132
2006-04-24,0.559319972991943
2006-04-25,0.560259997844696
2006-04-26,0.554970026016235
2006-04-27,0.54764997959137
2006-04-30,0.547860026359558
2006-05-01,0.543770015239716
2006-05-02,0.543630003929138
2006-05-03,0.539960026741028
2006-05-04,0.537750005722046
2006-05-07,0.538179993629456
2006-05-08,0.535449981689453
2006-05-09,0.536880016326904
2006-05-10,0.530499994754791
2006-05-11,0.527679979801178
2006-05-14,0.532959997653961
2006-05-15,0.529829978942871
2006-05-16,0.531210005283356
2006-05-17,0.528180003166199
2006-05-18,0.531910002231598
2006-05-21,0.530480027198792
2006-05-22,0.532739996910095
2006-05-23,0.534389972686768
2006-05-24,0.533159971237183
2006-05-25,0.537720024585724
2006-05-28,0.537660002708435
2006-05-29,0.531430006027222
2006-05-30,0.534300029277802
2006-05-31,0.535790026187897
2006-06-01,0.531289994716644
2006-06-04,0.534359991550446
2006-06-05,0.537370026111603
2006-06-06,0.538439989089966
2006-06-07,0.54255998134613
2006-06-08,0.543269991874695
2006-06-11,0.542949974536896
2006-06-12,0.545319974422455
2006-06-13,0.542029976844788
2006-06-14,0.540539979934692
2006-06-15,0.540979981422424
2006-06-18,0.543210029602051
2006-06-19,0.542479991912842
2006-06-20,0.541980028152466
2006-06-21,0.546930015087128
2006-06-22,0.549300014972687
2006-06-25,0.548399984836578
2006-06-26,0.549179971218109
2006-06-27,0.55009001493454
2006-06-28,0.54695999622345
2006-06-29,0.540830016136169
2006-07-02,0.542770028114319
2006-07-03,0.542010009288788
2006-07-04,0.544749975204468
2006-07-05,0.544219970703125
2006-07-06,0.540130019187927
2006-07-09,0.54255998134613
2006-07-10,0.541980028152466
2006-07-11,0.544929981231689
2006-07-12,0.542180001735687
2006-07-13,0.544510006904602
2006-07-16,0.549570024013519
2006-07-17,0.547770023345947
2006-07-18,0.542620003223419
2006-07-19,0.540750026702881
2006-07-20,0.538010001182556
2006-07-23,0.540629982948303
2006-07-24,0.543179988861084
2006-07-25,0.539260029792786
2006-07-26,0.538209974765778
2006-07-27,0.53618997335434
2006-07-30,0.535269975662231
2006-07-31,0.533050000667572
2006-08-01,0.532450020313263
2006-08-02,0.52989000082016
2006-08-03,0.523620009422302
2006-08-06,0.524990022182465
2006-08-07,0.526839971542358
2006-08-08,0.524580001831055
2006-08-09,0.527890026569366
2006-08-10,0.528880000114441
2006-08-13,0.529519975185394
2006-08-14,0.527819991111755
2006-08-15,0.527339994907379
2006-08-16,0.530420005321503
2006-08-17,0.531430006027222
2006-08-20,0.528649985790253
2006-08-21,0.529439985752106
2006-08-22,0.528509974479675
2006-08-23,0.52963000535965
2006-08-24,0.529659986495972
2006-08-27,0.527679979801178
2006-08-28,0.526400029659271
2006-08-29,0.524909973144531
2006-08-30,0.525460004806519
2006-08-31,0.524659991264343
2006-09-03,0.524770021438599
2006-09-04,0.527700006961823
2006-09-05,0.530219972133636
2006-09-06,0.533110022544861
2006-09-07,0.535880029201508
2006-09-10,0.535880029201508
2006-09-11,0.533219993114471
2006-09-12,0.532570004463196
2006-09-13,0.530250012874603
2006-09-14,0.532509982585907
2006-09-17,0.531579971313477
2006-09-18,0.531409978866577
2006-09-19,0.529860019683838
2006-09-20,0.525709986686707
2006-09-21,0.525849997997284
2006-09-24,0.526149988174438
2006-09-25,0.527700006961823
2006-09-26,0.529299974441528
2006-09-27,0.532850027084351
2006-09-28,0.534269988536835
2006-10-01,0.529969990253448
2006-10-02,0.530250012874603
2006-10-03,0.530110001564026
2006-10-04,0.532310009002686
2006-10-05,0.534389972686768
2006-10-08,0.53548002243042
2006-10-09,0.539489984512329
2006-10-10,0.539129972457886
2006-10-11,0.537779986858368
2006-10-12,0.539030015468597
2006-10-15,0.536970019340515
2006-10-16,0.534250020980835
2006-10-17,0.53548002243042
2006-10-18,0.532739996910095
2006-10-19,0.531040012836456
2006-10-22,0.533760011196136
2006-10-23,0.533760011196136
2006-10-24,0.53219997882843
2006-10-25,0.528930008411407
2006-10-26,0.527180016040802
2006-10-30,0.526369988918304
2006-10-31,0.524030029773712
2006-11-01,0.5242999792099
2006-11-02,0.524049997329712
2006-11-03,0.526009976863861
2006-11-06,0.526790022850037
2006-11-07,0.524770021438599
2006-11-08,0.524879992008209
2006-11-09,0.524410009384155
2006-11-10,0.522960007190704
2006-11-13,0.524919986724854
2006-11-14,0.527369976043701
2006-11-15,0.529269993305206
2006-11-16,0.529550015926361
2006-11-17,0.526839971542358
2006-11-20,0.527040004730225
2006-11-21,0.526449978351593
2006-11-22,0.522300004959106
2006-11-23,0.521920025348663
2006-11-24,0.517629981040955
2006-11-27,0.515940010547638
2006-11-28,0.511979997158051
2006-11-29,0.513870000839233
2006-11-30,0.508539974689484
2006-12-01,0.50492000579834
2006-12-04,0.504849970340729
2006-12-05,0.50670999288559
2006-12-06,0.508539974689484
2006-12-07,0.509479999542236
2006-12-08,0.511669993400574
2006-12-11,0.510200023651123
2006-12-12,0.507279992103577
2006-12-13,0.508180022239685
2006-12-14,0.509630024433136
2006-12-15,0.511799991130829
2006-12-18,0.513220012187958
2006-12-19,0.507279992103577
2006-12-20,0.508700013160706
2006-12-21,0.509549975395203
2006-12-22,0.510749995708466
2006-12-25,0.510410010814667
2006-12-26,0.511349976062775
2006-12-27,0.510990023612976
2006-12-28,0.509630024433136
2006-12-29,0.510410010814667
2007-01-01,0.509109973907471
2007-01-02,0.506739974021912
2007-01-03,0.512239992618561
2007-01-04,0.514670014381409
2007-01-05,0.517920017242432
2007-01-08,0.515380024909973
2007-01-09,0.515680015087128
2007-01-10,0.517490029335022
2007-01-11,0.514270007610321
2007-01-12,0.510930001735687
2007-01-15,0.509060025215149
2007-01-16,0.509890019893646
2007-01-17,0.507459998130798
2007-01-18,0.506529986858368
2007-01-19,0.506789982318878
2007-01-22,0.505840003490448
2007-01-23,0.50449001789093
2007-01-24,0.508130013942719
2007-01-25,0.508880019187927
2007-01-26,0.510230004787445
2007-01-29,0.509739995002747
2007-01-30,0.509660005569458
2007-01-31,0.509320020675659
2007-02-01,0.508360028266907
2007-02-02,0.508599996566772
2007-02-05,0.509999990463257
2007-02-06,0.507359981536865
2007-02-07,0.507239997386932
2007-02-08,0.510540008544922
2007-02-09,0.50433999300003
2007-02-12,0.513530015945435
2007-02-13,0.513930022716522
2007-02-14,0.508930027484894
2007-02-15,0.512449979782104
2007-02-16,0.512790024280548
2007-02-19,0.51257997751236
2007-02-20,0.511139988899231
2007-02-21,0.511849999427795
2007-02-22,0.511139988899231
2007-02-23,0.509500026702881
2007-02-26,0.509190022945404
2007-02-27,0.509500026702881
2007-02-28,0.509159982204437
2007-03-01,0.510829985141754
2007-03-02,0.514769971370697
2007-03-05,0.520619988441467
2007-03-06,0.516740024089813
2007-03-07,0.518109977245331
2007-03-08,0.518190026283264
2007-03-09,0.517009973526001
2007-03-12,0.517539978027344
2007-03-13,0.518459975719452
2007-03-14,0.515760004520416
2007-03-15,0.515810012817383
2007-03-16,0.514769971370697
2007-03-19,0.513819992542267
2007-03-20,0.509710013866425
2007-03-21,0.50805002450943
2007-03-22,0.508880019187927
2007-03-23,0.509549975395203
2007-03-25,0.507589995861053
2007-03-26,0.508440017700195
2007-03-27,0.509530007839203
2007-03-28,0.509370028972626
2007-03-29,0.512160003185272
2007-04-01,0.505509972572327
2007-04-02,0.506739974021912
2007-04-03,0.505970001220703
2007-04-04,0.50722998380661
2007-04-05,0.503650009632111
2007-04-08,0.509679973125458
2007-04-09,0.507149994373322
2007-04-10,0.50602000951767
2007-04-11,0.504949986934662
2007-04-12,0.503400027751923
2007-04-15,0.502839982509613
2007-04-16,0.498160004615784
2007-04-17,0.497759997844696
2007-04-18,0.499099999666214
2007-04-19,0.498849987983704
2007-04-22,0.49974998831749
2007-04-23,0.49948000907898
2007-04-24,0.499500006437302
2007-04-25,0.502390027046204
2007-04-26,0.500349998474121
2007-04-29,0.5
2007-04-30,0.500479996204376
2007-05-01,0.502820014953613
2007-05-02,0.503019988536835
2007-05-03,0.506049990653992
2007-05-06,0.501630008220673
2007-05-07,0.50261002779007
2007-05-08,0.501659989356995
2007-05-09,0.505150020122528
2007-05-10,0.504360020160675
2007-05-13,0.505280017852783
2007-05-14,0.503520011901855
2007-05-15,0.505710005760193
2007-05-16,0.506380021572113
2007-05-17,0.506250023841858
2007-05-20,0.507200002670288
2007-05-21,0.50629997253418
2007-05-22,0.503449976444244
2007-05-23,0.503679990768433
2007-05-24,0.503799974918365
2007-05-27,0.504239976406097
2007-05-28,0.505050003528595
2007-05-29,0.505970001220703
2007-05-30,0.505100011825562
2007-05-31,0.504800021648407
2007-06-03,0.502110004425049
2007-06-04,0.501659989356995
2007-06-05,0.501959979534149
2007-06-06,0.505559980869293
2007-06-07,0.50748997926712
2007-06-10,0.507770001888275
2007-06-11,0.506380021572113
2007-06-12,0.506889998912811
2007-06-13,0.507690012454987
2007-06-14,0.50586998462677
2007-06-17,0.50407999753952
2007-06-18,0.503120005130768
2007-06-19,0.501929998397827
2007-06-20,0.501779973506927
2007-06-21,0.500599980354309
2007-06-24,0.500450015068054
2007-06-25,0.500400006771088
2007-06-26,0.500100016593933
2007-06-27,0.499449998140335
2007-06-28,0.497929990291595
2007-07-01,0.495590001344681
2007-07-02,0.495790004730225
2007-07-03,0.495979994535446
2007-07-04,0.496969997882843
2007-07-05,0.49702000617981
2007-07-08,0.496329993009567
2007-07-09,0.493239998817444
2007-07-10,0.492049992084503
2007-07-11,0.492709994316101
2007-07-12,0.491450011730194
2007-07-15,0.490969985723495
2007-07-16,0.488350003957748
2007-07-17,0.486930012702942
2007-07-18,0.488070011138916
2007-07-19,0.486140012741089
2007-07-22,0.485599994659424
2007-07-23,0.484990000724792
2007-07-24,0.487069994211197
2007-07-25,0.488310009241104
2007-07-26,0.493919998407364
2007-07-29,0.493019998073578
2007-07-30,0.492760002613068
2007-07-31,0.492130011320114
2007-08-01,0.491010010242462
2007-08-02,0.489520013332367
2007-08-05,0.492269992828369
2007-08-06,0.494489997625351
2007-08-07,0.490850001573563
2007-08-08,0.494320005178452
2007-08-09,0.494540005922318
2007-08-12,0.49702000617981
2007-08-13,0.500750005245209
2007-08-14,0.503319978713989
2007-08-15,0.503700017929077
2007-08-16,0.504540026187897
2007-08-19,0.50287002325058
2007-08-20,0.504869997501373
2007-08-21,0.50125002861023
2007-08-22,0.499199986457825
2007-08-23,0.496619999408722
2007-08-26,0.497759997844696
2007-08-27,0.499850004911423
2007-08-28,0.495840013027191
2007-08-29,0.4964300096035
2007-08-30,0.495739996433258
2007-09-02,0.495609998703003
2007-09-03,0.496479988098145
2007-09-04,0.494949996471405
2007-09-05,0.493800014257431
2007-09-06,0.492949992418289
2007-09-10,0.49184000492096
2007-09-11,0.492709994316101
2007-09-12,0.495640009641647
2007-09-13,0.498329997062683
2007-09-16,0.501500010490417
2007-09-17,0.496670007705688
2007-09-18,0.499850004911423
2007-09-19,0.497359991073608
2007-09-20,0.494949996471405
2007-09-23,0.494879990816116
2007-09-24,0.495319992303848
2007-09-25,0.496129989624023
2007-09-26,0.493389993906021
2007-09-27,0.488709986209869
2007-09-30,0.489160001277924
2007-10-01,0.490200012922287
2007-10-02,0.491979986429214
2007-10-03,0.490530014038086
2007-10-04,0.489309996366501
2007-10-07,0.491299986839294
2007-10-08,0.490750014781952
2007-10-09,0.489760011434555
2007-10-10,0.491589993238449
2007-10-11,0.491569995880127
2007-10-14,0.489620000123978
2007-10-15,0.492080003023148
2007-10-16,0.490200012922287
2007-10-17,0.489190012216568
2007-10-18,0.487450003623962
2007-10-21,0.491959989070892
2007-10-22,0.487729996442795
2007-10-23,0.487780004739761
2007-10-24,0.487589985132217
2007-10-25,0.487399995326996
2007-10-29,0.485179990530014
2007-10-30,0.483559995889664
2007-10-31,0.480820000171661
2007-11-01,0.481279999017715
2007-11-02,0.479479998350143
2007-11-05,0.480520009994507
2007-11-06,0.479059994220734
2007-11-07,0.476240009069443
2007-11-08,0.474339991807938
2007-11-09,0.477400004863739
2007-11-12,0.48675999045372
2007-11-13,0.481970012187958
2007-11-14,0.487139999866486
2007-11-15,0.489140003919601
2007-11-16,0.487230002880096
2007-11-19,0.487949997186661
2007-11-20,0.483999997377396
2007-11-21,0.484609991312027
2007-11-22,0.484869986772537
2007-11-23,0.485179990530014
2007-11-27,0.483649998903275
2007-11-28,0.48105001449585
2007-11-29,0.484750002622604
2007-11-30,0.486220002174377
2007-12-03,0.484519988298416
2007-12-04,0.485720008611679
2007-12-05,0.493270009756088
2007-12-06,0.493000000715256
2007-12-07,0.492170006036758
2007-12-10,0.488999992609024
2007-12-11,0.491210013628006
2007-12-12,0.488880008459091
2007-12-13,0.489520013332367
2007-12-14,0.495020002126694
2007-12-17,0.494709998369217
2007-12-20,0.504059970378876
2007-12-21,0.504209995269775
2007-12-24,0.505429983139038
2007-12-25,0.505710005760193
2007-12-26,0.503979980945587
2007-12-27,0.50125002861023
2007-12-28,0.501680016517639
2007-12-31,0.503369987010956
2008-01-01,0.503090023994446
2008-01-02,0.504589974880219
2008-01-03,0.506560027599335
2008-01-04,0.506120026111603
2008-01-07,0.508390009403229
2008-01-08,0.507149994373322
2008-01-09,0.510860025882721
2008-01-10,0.509790003299713
2008-01-11,0.5103600025177
2008-01-14,0.511669993400574
2008-01-15,0.510649979114532
2008-01-16,0.509450018405914
2008-01-17,0.508029997348785
2008-01-23,0.510990023612976
2008-01-24,0.505509972572327
2008-01-25,0.504899978637695
2008-01-28,0.503799974918365
2008-01-29,0.502690017223358
2008-01-30,0.504130005836487
2008-01-31,0.502359986305237
2008-02-01,0.508520007133484
2008-02-04,0.506380021572113
2008-02-05,0.508960008621216
2008-02-06,0.509999990463257
2008-02-07,0.514720022678375
2008-02-08,0.513580024242401
2008-02-11,0.512849986553192
2008-02-12,0.510150015354156
2008-02-13,0.509630024433136
2008-02-14,0.507669985294342
2008-02-15,0.50984001159668
2008-02-18,0.512610018253326
2008-02-19,0.513289988040924
2008-02-20,0.514800012111664
2008-02-21,0.509220004081726
2008-02-22,0.508409976959229
2008-02-25,0.508490025997162
2008-02-26,0.503199994564056
2008-02-27,0.504239976406097
2008-02-28,0.502539992332458
2008-02-29,0.503369987010956
2008-03-03,0.504059970378876
2008-03-04,0.503629982471466
2008-03-05,0.502059996128082
2008-03-06,0.496989995241165
2008-03-07,0.496520012617111
2008-03-10,0.497909992933273
2008-03-11,0.498499989509583
2008-03-12,0.493339985609055
2008-03-13,0.492000013589859
2008-03-14,0.495050013065338
2008-03-17,0.500680029392242
2008-03-18,0.497640013694763
2008-03-19,0.504109978675842
2008-03-20,0.503830015659332
2008-03-21,0.504209995269775
2008-03-24,0.503069996833801
2008-03-25,0.499350011348724
2008-03-26,0.498160004615784
2008-03-27,0.498309999704361
2008-03-28,0.501280009746552
2008-03-30,0.503979980945587
2008-04-01,0.503069996833801
2008-04-02,0.501280009746552
2008-04-03,0.501349985599518
2008-04-06,0.502969980239868
2008-04-07,0.508539974689484
2008-04-08,0.506590008735657
2008-04-09,0.507200002670288
2008-04-10,0.504459977149963
2008-04-13,0.50602000951767
2008-04-14,0.509790003299713
2008-04-15,0.507250010967255
2008-04-16,0.50246000289917
2008-04-17,0.500479996204376
2008-04-20,0.504819989204407
2008-04-21,0.500909984111786
2008-04-22,0.505460023880005
2008-04-23,0.506919980049133
2008-04-24,0.504209995269775
2008-04-27,0.502229988574982
2008-04-28,0.508229970932007
2008-04-29,0.503069996833801
2008-05-01,0.50722998380661
2008-05-04,0.506860017776489
2008-05-05,0.506749987602234
2008-05-06,0.512109994888306
2008-05-07,0.511319994926453
2008-05-08,0.511669993400574
2008-05-11,0.511349976062775
2008-05-12,0.5137699842453
2008-05-13,0.513719975948334
2008-05-14,0.513450026512146
2008-05-15,0.511059999465942
2008-05-18,0.512929975986481
2008-05-19,0.508130013942719
2008-05-20,0.507250010967255
2008-05-21,0.504899978637695
2008-05-22,0.504459977149963
2008-05-25,0.504519999027252
2008-05-26,0.506070017814636
2008-05-27,0.504800021648407
2008-05-28,0.50602000951767
2008-05-29,0.50433999300003
2008-06-01,0.508669972419739
2008-06-02,0.509549975395203
2008-06-03,0.511799991130829
2008-06-04,0.510779976844788
2008-06-05,0.507610023021698
2008-06-08,0.506529986858368
2008-06-09,0.511879980564117
2008-06-10,0.509159982204437
2008-06-11,0.513480007648468
2008-06-12,0.513639986515045
2008-06-15,0.509090006351471
2008-06-16,0.510800004005432
2008-06-17,0.510519981384277
2008-06-18,0.507000029087067
2008-06-19,0.506659984588623
2008-06-22,0.508800029754639
2008-06-23,0.507510006427765
2008-06-24,0.506410002708435
2008-06-25,0.503120005130768
2008-06-26,0.501479983329773
2008-06-29,0.501760005950928
2008-07-01,0.501879990100861
2008-07-02,0.504310011863708
2008-07-03,0.504180014133453
2008-07-06,0.505970001220703
2008-07-07,0.507950007915497
2008-07-08,0.50449001789093
2008-07-09,0.505659997463226
2008-07-10,0.502659976482391
2008-07-13,0.501500010490417
2008-07-14,0.499099999666214
2008-07-15,0.500349998474121
2008-07-16,0.500599980354309
2008-07-17,0.500249981880188
2008-07-20,0.49957001209259
2008-07-21,0.501810014247894
2008-07-22,0.500639975070953
2008-07-23,0.503210008144379
2008-07-24,0.502510011196136
2008-07-27,0.501479983329773
2008-07-28,0.504849970340729
2008-07-29,0.50476998090744
2008-07-30,0.504260003566742
2008-07-31,0.506510019302368
2008-08-03,0.509890019893646
2008-08-04,0.511349976062775
2008-08-05,0.513289988040924
2008-08-06,0.514509975910187
2008-08-07,0.520910024642944
2008-08-10,0.523039996623993
2008-08-11,0.527480006217957
2008-08-12,0.535679996013641
2008-08-13,0.535730004310608
2008-08-14,0.536220014095306
2008-08-17,0.53618997335434
2008-08-18,0.53532999753952
2008-08-19,0.536650002002716
2008-08-20,0.532859981060028
2008-08-21,0.539370000362396
2008-08-24,0.540830016136169
2008-08-25,0.543709993362427
2008-08-26,0.544780015945435
2008-08-27,0.546509981155396
2008-08-28,0.548910021781921
2008-08-31,0.55825001001358
2008-09-01,0.561259984970093
2008-09-02,0.563920021057129
2008-09-03,0.567730009555817
2008-09-04,0.565419971942902
2008-09-07,0.567619979381561
2008-09-08,0.56743997335434
2008-09-09,0.570479989051819
2008-09-10,0.569609999656677
2008-09-11,0.557940006256104
2008-09-14,0.556850016117096
2008-09-15,0.560660004615784
2008-09-16,0.550960004329681
2008-09-17,0.550840020179749
2008-09-18,0.546180009841919
2008-09-21,0.538209974765778
2008-09-22,0.538940012454987
2008-09-23,0.540690004825592
2008-09-24,0.543359994888306
2008-09-25,0.543389976024628
2008-09-28,0.555220007896423
2008-09-29,0.56114000082016
2008-09-30,0.564989984035492
2008-10-01,0.56673002243042
2008-10-02,0.564329981803894
2008-10-05,0.573689997196198
2008-10-06,0.572899997234344
2008-10-07,0.578869998455048
2008-10-08,0.585259974002838
2008-10-09,0.586849987506866
2008-10-12,0.573300004005432
2008-10-13,0.574119985103607
2008-10-14,0.581939995288849
2008-10-15,0.576600015163422
2008-10-16,0.577970027923584
2008-10-19,0.583739995956421
2008-10-20,0.599740028381348
2008-10-21,0.617250025272369
2008-10-22,0.61625999212265
2008-10-23,0.628340005874634
2008-10-27,0.643540024757385
2008-10-28,0.621500015258789
2008-10-29,0.61080002784729
2008-10-30,0.610830008983612
2008-10-31,0.622160017490387
2008-11-03,0.634090006351471
2008-11-04,0.627470016479492
2008-11-05,0.63111001253128
2008-11-06,0.641719996929169
2008-11-07,0.6389399766922
2008-11-10,0.639540016651154
2008-11-11,0.650030016899109
2008-11-12,0.670469999313354
2008-11-13,0.67084002494812
2008-11-14,0.67782998085022
2008-11-17,0.666890025138855
2008-11-18,0.668470025062561
2008-11-19,0.667999982833862
2008-11-20,0.678520023822784
2008-11-21,0.66992998123169
2008-11-24,0.660109996795654
2008-11-25,0.648169994354248
2008-11-26,0.652159988880157
2008-11-27,0.649219989776611
2008-11-28,0.649980008602142
2008-12-01,0.672720015048981
2008-12-02,0.670819997787476
2008-12-03,0.676500022411346
2008-12-04,0.681010007858276
2008-12-05,0.680040001869202
2008-12-08,0.672269999980927
2008-12-09,0.67755001783371
2008-12-10,0.675769984722137
2008-12-11,0.665380001068115
2008-12-12,0.668900012969971
2008-12-15,0.65363997220993
2008-12-16,0.641600012779236
2008-12-17,0.644869983196259
2008-12-18,0.664229989051819
2008-12-19,0.666890025138855
2008-12-22,0.674399971961975
2008-12-23,0.678200006484985
2008-12-24,0.678789973258972
2008-12-25,0.677969992160797
2008-12-26,0.685639977455139
2008-12-29,0.691129982471466
2008-12-30,0.691179990768433
2008-12-31,0.682309985160828
2009-01-01,0.678380012512207
2009-01-02,0.688520014286041
2009-01-05,0.679530024528503
2009-01-06,0.67059999704361
2009-01-07,0.663169980049133
2009-01-08,0.656729996204376
2009-01-09,0.658800005912781
2009-01-12,0.674809992313385
2009-01-13,0.688849985599518
2009-01-14,0.683950006961823
2009-01-15,0.681569993495941
2009-01-16,0.678699970245361
2009-01-19,0.693220019340515
2009-01-20,0.720589995384216
2009-01-21,0.720669984817505
2009-01-22,0.720439970493317
2009-01-23,0.725530028343201
2009-01-26,0.71577000617981
2009-01-27,0.704900026321411
2009-01-28,0.702750027179718
2009-01-29,0.700330018997192
2009-01-30,0.686670005321503
2009-02-02,0.703629970550537
2009-02-03,0.692659974098206
2009-02-04,0.691609978675842
2009-02-05,0.683430016040802
2009-02-06,0.676819980144501
2009-02-09,0.67315000295639
2009-02-10,0.686869978904724
2009-02-11,0.696860015392303
2009-02-12,0.699739992618561
2009-02-13,0.696380019187927
2009-02-16,0.69938999414444
2009-02-17,0.702250003814697
2009-02-18,0.701709985733032
2009-02-19,0.700919985771179
2009-02-20,0.692569971084595
2009-02-23,0.691039979457855
2009-02-24,0.688300013542175
2009-02-25,0.70319002866745
2009-02-26,0.699400007724762
2009-02-27,0.700670003890991
2009-03-02,0.712499976158142
2009-03-03,0.712859988212585
2009-03-04,0.705330014228821
2009-03-05,0.707660019397736
2009-03-06,0.710730016231537
2009-03-09,0.724950015544891
2009-03-10,0.725059986114502
2009-03-11,0.722440004348755
2009-03-12,0.71781998872757
2009-03-13,0.713930010795593
2009-03-16,0.710430026054382
2009-03-17,0.71153998374939
2009-03-18,0.70007997751236
2009-03-19,0.689849972724915
2009-03-20,0.693139970302582
2009-03-23,0.68624997138977
2009-03-24,0.68027001619339
2009-03-25,0.68724000453949
2009-03-26,0.69132000207901
2009-03-27,0.698080003261566
2009-03-29,0.701900005340576
2009-03-30,0.697109997272491
2009-03-31,0.691519975662231
2009-04-01,0.678659975528717
2009-04-02,0.674170017242432
2009-04-05,0.678380012512207
2009-04-06,0.678380012512207
2009-04-07,0.680499970912933
2009-04-08,0.681429982185364
2009-04-09,0.682129979133606
2009-04-12,0.673430025577545
2009-04-13,0.670920014381409
2009-04-14,0.666660010814667
2009-04-15,0.670289993286133
2009-04-16,0.675679981708527
2009-04-19,0.687609970569611
2009-04-20,0.681900024414062
2009-04-21,0.690180003643036
2009-04-22,0.679489970207214
2009-04-23,0.679579973220825
2009-04-26,0.684230029582977
2009-04-27,0.683589994907379
2009-04-28,0.677169978618622
2009-04-29,0.676219999790192
2009-04-30,0.670650005340576
2009-05-03,0.665109992027283
2009-05-04,0.663529992103577
2009-05-05,0.660059988498688
2009-05-06,0.665160000324249
2009-05-07,0.656040012836456
2009-05-10,0.660629987716675
2009-05-11,0.654860019683838
2009-05-12,0.659940004348755
2009-05-13,0.656620025634766
2009-05-14,0.659590005874634
2009-05-17,0.651730000972748
2009-05-18,0.645829975605011
2009-05-19,0.634760022163391
2009-05-20,0.630879998207092
2009-05-21,0.628139972686768
2009-05-24,0.628499984741211
2009-05-25,0.627470016479492
2009-05-26,0.62652999162674
2009-05-27,0.627600014209747
2009-05-28,0.617780029773712
2009-05-31,0.608009994029999
2009-06-01,0.603169977664948
2009-06-02,0.613009989261627
2009-06-03,0.620630025863647
2009-06-04,0.625159978866577
2009-06-07,0.623510003089905
2009-06-08,0.613080024719238
2009-06-09,0.611469984054565
2009-06-10,0.602989971637726
2009-06-11,0.608609974384308
2009-06-14,0.61369001865387
2009-06-15,0.60987001657486
2009-06-16,0.610199987888336
2009-06-17,0.611020028591156
2009-06-18,0.605250000953674
2009-06-21,0.611699998378754
2009-06-22,0.60851001739502
2009-06-23,0.608720004558563
2009-06-24,0.610750019550323
2009-06-25,0.605000019073486
2009-06-28,0.603500008583069
2009-06-29,0.607280015945435
2009-06-30,0.606869995594025
2009-07-01,0.611720025539398
2009-07-02,0.613719999790192
2009-07-05,0.614480018615723
2009-07-06,0.62049001455307
2009-07-07,0.622699975967407
2009-07-08,0.611880004405975
2009-07-09,0.616599977016449
2009-07-12,0.615230023860931
2009-07-13,0.612749993801117
2009-07-14,0.608569979667664
2009-07-15,0.609160006046295
2009-07-16,0.612290024757385
2009-07-19,0.605159997940063
2009-07-20,0.609009981155396
2009-07-21,0.607900023460388
2009-07-22,0.60562002658844
2009-07-23,0.608009994029999
2009-07-26,0.606599986553192
2009-07-27,0.609350025653839
2009-07-28,0.611580014228821
2009-07-29,0.605769991874695
2009-07-30,0.598619997501373
2009-08-02,0.590279996395111
2009-08-03,0.589829981327057
2009-08-04,0.588370025157928
2009-08-05,0.594879984855652
2009-08-06,0.59934002161026
2009-08-09,0.606840014457703
2009-08-10,0.606429994106293
2009-08-11,0.605690002441406
2009-08-12,0.603500008583069
2009-08-13,0.604449987411499
2009-08-16,0.611549973487854
2009-08-17,0.602810025215149
2009-08-18,0.603900015354156
2009-08-19,0.605660021305084
2009-08-20,0.606019973754883
2009-08-23,0.60945999622345
2009-08-24,0.612900018692017
2009-08-25,0.616180002689362
2009-08-26,0.613770008087158
2009-08-27,0.614929974079132
2009-08-30,0.61379998922348
2009-08-31,0.620000004768372
2009-09-01,0.614400029182434
2009-09-02,0.612460017204285
2009-09-03,0.610050022602081
2009-09-06,0.611999988555908
2009-09-07,0.605350017547607
2009-09-08,0.604809999465942
2009-09-09,0.600380003452301
2009-09-10,0.599479973316193
2009-09-13,0.602050006389618
2009-09-14,0.606190025806427
2009-09-15,0.606800019741058
2009-09-16,0.60834002494812
2009-09-17,0.614589989185333
2009-09-20,0.61651998758316
2009-09-21,0.610350012779236
2009-09-22,0.611580014228821
2009-09-23,0.627470016479492
2009-09-24,0.625899970531464
2009-09-27,0.629429996013641
2009-09-28,0.626129984855652
2009-09-29,0.624920010566711
2009-09-30,0.628849983215332
2009-10-01,0.629760026931763
2009-10-04,0.626980006694794
2009-10-05,0.628069996833801
2009-10-06,0.626410007476807
2009-10-07,0.622730016708374
2009-10-08,0.631309986114502
2009-10-11,0.632350027561188
2009-10-12,0.627680003643036
2009-10-13,0.624769985675812
2009-10-14,0.612030029296875
2009-10-15,0.611280024051666
2009-10-18,0.609529972076416
2009-10-19,0.610499978065491
2009-10-20,0.602090001106262
2009-10-21,0.601180016994476
2009-10-22,0.613080024719238
2009-10-26,0.613499999046326
2009-10-27,0.609759986400604
2009-10-28,0.61065000295639
2009-10-29,0.603760004043579
2009-10-30,0.607980012893677
2009-11-02,0.609929978847504
2009-11-03,0.60878998041153
2009-11-04,0.603940010070801
2009-11-05,0.603320002555847
2009-11-06,0.601679980754852
2009-11-09,0.59595000743866
2009-11-10,0.597509980201721
2009-11-11,0.603320002555847
2009-11-12,0.602880001068115
2009-11-13,0.599699974060059
2009-11-16,0.593859970569611
2009-11-17,0.594389975070953
2009-11-18,0.597350001335144
2009-11-19,0.600380003452301
2009-11-20,0.605289995670319
2009-11-23,0.60207998752594
2009-11-24,0.602980017662048
2009-11-25,0.598619997501373
2009-11-26,0.608420014381409
2009-11-27,0.605769991874695
2009-11-30,0.607609987258911
2009-12-01,0.601469993591309
2009-12-02,0.600220024585724
2009-12-03,0.603890001773834
2009-12-04,0.606689989566803
2009-12-07,0.607320010662079
2009-12-08,0.615419983863831
2009-12-09,0.614160001277924
2009-12-10,0.614239990711212
2009-12-11,0.615270018577576
2009-12-14,0.613120019435883
2009-12-15,0.614629983901978
2009-12-16,0.61243999004364
2009-12-17,0.61870002746582
2009-12-18,0.619350016117096
2009-12-21,0.622820019721985
2009-12-22,0.626240015029907
2009-12-23,0.62620997428894
2009-12-24,0.625980019569397
2009-12-25,0.624260008335114
2009-12-28,0.624880015850067
2009-12-29,0.628769993782043
2009-12-30,0.622049987316132
2009-12-31,0.617969989776611
2010-01-01,0.619849979877472
2010-01-04,0.620589971542358
2010-01-05,0.625360012054443
2010-01-06,0.62406998872757
2010-01-07,0.627590000629425
2010-01-08,0.624059975147247
2010-01-11,0.620620012283325
2010-01-12,0.61913001537323
2010-01-13,0.614019989967346
2010-01-14,0.612219989299774
2010-01-15,0.614629983901978
2010-01-18,0.61150997877121
2010-01-19,0.611370027065277
2010-01-20,0.613569974899292
2010-01-21,0.617089986801147
2010-01-22,0.620729982852936
2010-01-25,0.615379989147186
2010-01-26,0.619310021400452
2010-01-27,0.618120014667511
2010-01-28,0.619459986686707
2010-01-29,0.625590026378632
2010-02-01,0.626860022544861
2010-02-02,0.625310003757477
2010-02-03,0.628139972686768
2010-02-04,0.634119987487793
2010-02-05,0.638650000095367
2010-02-08,0.642009973526001
2010-02-09,0.637189984321594
2010-02-10,0.640529990196228
2010-02-11,0.636860013008118
2010-02-12,0.637019991874695
2010-02-15,0.638279974460602
2010-02-16,0.63331001996994
2010-02-17,0.63766998052597
2010-02-18,0.648379981517792
2010-02-19,0.646659970283508
2010-02-22,0.6457200050354
2010-02-23,0.647419989109039
2010-02-24,0.648630023002625
2010-02-25,0.656000018119812
2010-02-26,0.656210005283356
2010-03-01,0.667609989643097
2010-03-02,0.66541999578476
2010-03-03,0.66211998462677
2010-03-04,0.665069997310638
2010-03-05,0.660809993743896
2010-03-08,0.664810001850128
2010-03-09,0.66593998670578
2010-03-10,0.667999982833862
2010-03-11,0.66347998380661
2010-03-12,0.65719997882843
2010-03-15,0.664260029792786
2010-03-16,0.656300008296967
2010-03-17,0.652830004692078
2010-03-18,0.65557998418808
2010-03-19,0.665870010852814
2010-03-22,0.661899983882904
2010-03-23,0.665719985961914
2010-03-24,0.671190023422241
2010-03-25,0.673629999160767
2010-03-26,0.671230018138885
2010-03-28,0.66746997833252
2010-03-29,0.663389980792999
2010-03-30,0.658599972724915
2010-03-31,0.65394002199173
2010-04-01,0.65745997428894
2010-04-04,0.65368002653122
2010-04-05,0.654839992523193
2010-04-06,0.656080007553101
2010-04-07,0.654320001602173
2010-04-08,0.650619983673096
2010-04-11,0.650449991226196
2010-04-12,0.650290012359619
2010-04-13,0.64631998538971
2010-04-14,0.646600008010864
2010-04-15,0.650870025157928
2010-04-18,0.652090013027191
2010-04-19,0.650879979133606
2010-04-20,0.648790001869202
2010-04-21,0.650449991226196
2010-04-22,0.650110006332397
2010-04-25,0.646499991416931
2010-04-26,0.65583997964859
2010-04-27,0.657710015773773
2010-04-28,0.651210010051727
2010-04-29,0.653590023517609
2010-05-02,0.655770003795624
2010-05-03,0.661029994487762
2010-05-04,0.662339985370636
2010-05-05,0.672770023345947
2010-05-06,0.67645001411438
2010-05-09,0.672860026359558
2010-05-10,0.670199990272522
2010-05-11,0.67399001121521
2010-05-12,0.684279978275299
2010-05-13,0.687849998474121
2010-05-16,0.690599977970123
2010-05-17,0.699460029602051
2010-05-18,0.693639993667603
2010-05-19,0.696940004825592
2010-05-20,0.690559983253479
2010-05-23,0.694010019302368
2010-05-24,0.693719983100891
2010-05-25,0.695219993591309
2010-05-26,0.686789989471436
2010-05-27,0.691900014877319
2010-05-30,0.688610017299652
2010-05-31,0.681800007820129
2010-06-01,0.682590007781982
2010-06-02,0.683340013027191
2010-06-03,0.691659986972809
2010-06-06,0.6908900141716
2010-06-07,0.692089974880219
2010-06-08,0.687380015850067
2010-06-09,0.679880023002625
2010-06-10,0.687189996242523
2010-06-13,0.678610026836395
2010-06-14,0.675679981708527
2010-06-15,0.678610026836395
2010-06-16,0.674950003623962
2010-06-17,0.674310028553009
2010-06-20,0.677510023117065
2010-06-21,0.674759984016418
2010-06-22,0.668089985847473
2010-06-23,0.669700026512146
2010-06-24,0.663659989833832
2010-06-27,0.662299990653992
2010-06-28,0.66430002450943
2010-06-29,0.669149994850159
2010-06-30,0.65938001871109
2010-07-01,0.657679975032806
2010-07-04,0.660849988460541
2010-07-05,0.66032999753952
2010-07-06,0.658829987049103
2010-07-07,0.659850001335144
2010-07-08,0.663659989833832
2010-07-11,0.665600001811981
2010-07-12,0.65854001045227
2010-07-13,0.654959976673126
2010-07-14,0.647539973258972
2010-07-15,0.653299987316132
2010-07-18,0.656790018081665
2010-07-19,0.654139995574951
2010-07-20,0.658590018749237
2010-07-21,0.654789984226227
2010-07-22,0.647710025310516
2010-07-25,0.645579993724823
2010-07-26,0.641520023345947
2010-07-27,0.641269981861115
2010-07-28,0.640519976615906
2010-07-29,0.637430012226105
2010-08-01,0.629329979419708
2010-08-02,0.627120018005371
2010-08-03,0.627120018005371
2010-08-04,0.62924998998642
2010-08-05,0.629270017147064
2010-08-08,0.625859975814819
2010-08-09,0.628690004348755
2010-08-10,0.630599975585938
2010-08-11,0.639680027961731
2010-08-12,0.641529977321625
2010-08-15,0.640900015830994
2010-08-16,0.639140009880066
2010-08-17,0.641929984092712
2010-08-18,0.641070008277893
2010-08-19,0.641969978809357
2010-08-22,0.643289983272552
2010-08-23,0.645319998264313
2010-08-24,0.648890018463135
2010-08-25,0.64631998538971
2010-08-26,0.644330024719238
2010-08-29,0.643750011920929
2010-08-30,0.64657998085022
2010-08-31,0.651470005512238
2010-09-01,0.647329986095428
2010-09-02,0.649519979953766
2010-09-05,0.64724999666214
2010-09-06,0.64955997467041
2010-09-07,0.651520013809204
2010-09-08,0.646250009536743
2010-09-09,0.648259997367859
2010-09-12,0.650579988956451
2010-09-13,0.648169994354248
2010-09-14,0.643750011920929
2010-09-15,0.639630019664764
2010-09-16,0.63986998796463
2010-09-19,0.639140009880066
2010-09-20,0.643159985542297
2010-09-21,0.640330016613007
2010-09-22,0.639140009880066
2010-09-23,0.637799978256226
2010-09-26,0.631669998168945
2010-09-27,0.632510006427765
2010-09-28,0.63279002904892
2010-09-29,0.633080005645752
2010-09-30,0.636269986629486
2010-10-03,0.632109999656677
2010-10-04,0.631940007209778
2010-10-05,0.629270017147064
2010-10-06,0.630320012569427
2010-10-07,0.629719972610474
2010-10-10,0.627009987831116
2010-10-11,0.629209995269775
2010-10-12,0.632470011711121
2010-10-13,0.628729999065399
2010-10-14,0.624750018119812
2010-10-17,0.625819981098175
2010-10-18,0.629170000553131
2010-10-19,0.636820018291473
2010-10-20,0.63111001253128
2010-10-21,0.63646000623703
2010-10-24,0.637799978256226
2010-10-25,0.636550009250641
2010-10-26,0.630909979343414
2010-10-27,0.633949995040894
2010-10-28,0.633949995040894
2010-11-01,0.623130023479462
2010-11-02,0.622669994831085
2010-11-03,0.623740017414093
2010-11-04,0.620850026607513
2010-11-05,0.614400029182434
2010-11-08,0.616919994354248
2010-11-09,0.62049001455307
2010-11-10,0.625
2010-11-11,0.620260000228882
2010-11-12,0.620899975299835
2010-11-15,0.620000004768372
2010-11-16,0.623319983482361
2010-11-17,0.629440009593964
2010-11-18,0.628099977970123
2010-11-19,0.622979998588562
2010-11-22,0.624830007553101
2010-11-23,0.627089977264404
2010-11-24,0.632709980010986
2010-11-25,0.63331001996994
2010-11-26,0.634530007839203
2010-11-29,0.641430020332336
2010-11-30,0.642830014228821
2010-12-01,0.642340004444122
2010-12-02,0.640600025653839
2010-12-03,0.64139997959137
2010-12-06,0.634199976921082
2010-12-07,0.636590003967285
2010-12-08,0.634790003299713
2010-12-09,0.63305002450943
2010-12-10,0.633910000324249
2010-12-13,0.632950007915497
2010-12-14,0.63043999671936
2010-12-15,0.634360015392303
2010-12-16,0.642639994621277
2010-12-17,0.639680027961731
2010-12-20,0.64462000131607
2010-12-21,0.644819974899292
2010-12-22,0.64657998085022
2010-12-23,0.649179995059967
2010-12-24,0.64740002155304
2010-12-27,0.648769974708557
2010-12-28,0.647580027580261
2010-12-29,0.65122002363205
2010-12-30,0.645079970359802
2010-12-31,0.647790014743805
2011-01-03,0.642159998416901
2011-01-04,0.645590007305145
2011-01-05,0.641110002994537
2011-01-06,0.644659996032715
2011-01-07,0.647210001945496
2011-01-10,0.643499970436096
2011-01-11,0.641439974308014
2011-01-12,0.640699982643127
2011-01-13,0.63494998216629
2011-01-14,0.631200015544891
2011-01-17,0.629670023918152
2011-01-18,0.628929972648621
2011-01-19,0.626450002193451
2011-01-20,0.626010000705719
2011-01-21,0.628539979457855
2011-01-24,0.62524002790451
2011-01-25,0.625530004501343
2011-01-26,0.632109999656677
2011-01-27,0.627749979496002
2011-01-28,0.62787002325058
2011-01-31,0.631739974021912
2011-02-01,0.623830020427704
2011-02-02,0.619729995727539
2011-02-03,0.61710000038147
2011-02-04,0.619790017604828
2011-02-07,0.621129989624023
2011-02-08,0.620000004768372
2011-02-09,0.622420012950897
2011-02-10,0.621060013771057
2011-02-11,0.621230006217957
2011-02-14,0.624880015850067
2011-02-15,0.62389999628067
2011-02-16,0.619710028171539
2011-02-17,0.621389985084534
2011-02-18,0.618120014667511
2011-02-21,0.615350008010864
2011-02-22,0.616219997406006
2011-02-23,0.618809998035431
2011-02-24,0.615949988365173
2011-02-25,0.61940997838974
2011-02-28,0.621100008487701
2011-03-01,0.614610016345978
2011-03-02,0.61489999294281
2011-03-03,0.612259984016418
2011-03-04,0.614459991455078
2011-03-07,0.614690005779266
2011-03-08,0.61734002828598
2011-03-09,0.618680000305176
2011-03-10,0.617280006408691
2011-03-11,0.62243002653122
2011-03-14,0.622219979763031
2011-03-15,0.618350028991699
2011-03-16,0.622200012207031
2011-03-17,0.625339984893799
2011-03-18,0.619449973106384
2011-03-21,0.61641001701355
2011-03-22,0.613170027732849
2011-03-23,0.611240029335022
2011-03-24,0.615419983863831
2011-03-25,0.620270013809204
2011-03-27,0.624840021133423
2011-03-28,0.625360012054443
2011-03-29,0.624610006809235
2011-03-30,0.622120022773743
2011-03-31,0.623669981956482
2011-04-03,0.620320022106171
2011-04-04,0.619939982891083
2011-04-05,0.613460004329681
2011-04-06,0.612559974193573
2011-04-07,0.61269998550415
2011-04-10,0.610719978809357
2011-04-11,0.611810028553009
2011-04-12,0.615119993686676
2011-04-13,0.614669978618622
2011-04-17,0.612969994544983
2011-04-18,0.614960014820099
2011-04-19,0.612580001354218
2011-04-20,0.609950006008148
2011-04-21,0.605520009994507
2011-04-24,0.605030000209808
2011-04-25,0.605989992618561
2011-04-26,0.60572999715805
2011-04-27,0.601400017738342
2011-04-28,0.600600004196167
2011-05-01,0.599229991436005
2011-05-02,0.600239992141724
2011-05-03,0.606190025806427
2011-05-04,0.606169998645782
2011-05-05,0.610279977321625
2011-05-08,0.61132001876831
2011-05-09,0.609319984912872
2011-05-10,0.610870003700256
2011-05-11,0.61097002029419
2011-05-12,0.614099979400635
2011-05-15,0.6182000041008
2011-05-16,0.61693000793457
2011-05-17,0.615270018577576
2011-05-18,0.618619978427887
2011-05-19,0.616069972515106
2011-05-22,0.616739988327026
2011-05-23,0.620779991149902
2011-05-24,0.617860019207001
2011-05-25,0.614260017871857
2011-05-26,0.610300004482269
2011-05-29,0.605650007724762
2011-05-30,0.606509983539581
2011-05-31,0.607349991798401
2011-06-01,0.612209975719452
2011-06-02,0.611190021038055
2011-06-05,0.607749998569489
2011-06-06,0.611349999904633
2011-06-07,0.608160018920898
2011-06-08,0.60945999622345
2011-06-09,0.611039996147156
2011-06-12,0.616289973258972
2011-06-13,0.610719978809357
2011-06-14,0.610599994659424
2011-06-15,0.617439985275269
2011-06-16,0.618770003318787
2011-06-19,0.618120014667511
2011-06-20,0.617020010948181
2011-06-21,0.616320013999939
2011-06-22,0.622669994831085
2011-06-23,0.623979985713959
2011-06-26,0.626450002193451
2011-06-27,0.625389993190765
2011-06-28,0.625469982624054
2011-06-29,0.622049987316132
2011-06-30,0.623130023479462
2011-07-03,0.622349977493286
2011-07-04,0.621230006217957
2011-07-05,0.622359991073608
2011-07-06,0.624650001525879
2011-07-07,0.625739991664886
2011-07-10,0.623989999294281
2011-07-11,0.628610014915466
2011-07-12,0.628210008144379
2011-07-13,0.618499994277954
2011-07-14,0.619229972362518
2011-07-17,0.62066000699997
2011-07-18,0.622730016708374
2011-07-19,0.619690001010895
2011-07-20,0.618839979171753
2011-07-21,0.612619996070862
2011-07-24,0.612929999828339
2011-07-25,0.614220023155212
2011-07-26,0.60878998041153
2011-07-27,0.612469971179962
2011-07-28,0.610930025577545
2011-07-31,0.60930997133255
2011-08-01,0.613150000572205
2011-08-02,0.614300012588501
2011-08-03,0.608489990234375
2011-08-04,0.615920007228851
2011-08-07,0.609139978885651
2011-08-08,0.612739980220795
2011-08-09,0.612940013408661
2011-08-10,0.620419979095459
2011-08-11,0.616219997406006
2011-08-14,0.613749980926514
2011-08-15,0.610279977321625
2011-08-16,0.608240008354187
2011-08-17,0.604560017585754
2011-08-18,0.605769991874695
2011-08-21,0.606869995594025
2011-08-22,0.607309997081757
2011-08-23,0.606130003929138
2011-08-24,0.610870003700256
2011-08-25,0.614130020141602
2011-08-28,0.611620008945465
2011-08-29,0.60920000076294
2011-08-30,0.613210022449493
2011-08-31,0.61532998085022
2011-09-01,0.617739975452423
2011-09-04,0.618350028991699
2011-09-05,0.621119976043701
2011-09-06,0.62703001499176
2011-09-07,0.625549972057343
2011-09-08,0.625880002975464
2011-09-11,0.630639970302582
2011-09-12,0.630569994449615
2011-09-13,0.633469998836517
2011-09-14,0.634119987487793
2011-09-15,0.633189976215363
2011-09-18,0.635969996452332
2011-09-19,0.638570010662079
2011-09-20,0.635559976100922
2011-09-21,0.644819974899292
2011-09-22,0.650969982147217
2011-09-25,0.645439982414246
2011-09-26,0.642979979515076
2011-09-27,0.639389991760254
2011-09-28,0.642009973526001
2011-09-29,0.641049981117249
2011-10-02,0.641719996929169
2011-10-03,0.647840023040771
2011-10-04,0.646399974822998
2011-10-05,0.64657998085022
2011-10-06,0.647899985313416
2011-10-09,0.643790006637573
2011-10-10,0.638639986515045
2011-10-11,0.641480028629303
2011-10-12,0.635010004043579
2011-10-13,0.63511997461319
2011-10-16,0.631860017776489
2011-10-17,0.63511997461319
2011-10-18,0.636590003967285
2011-10-19,0.633830010890961
2011-10-20,0.63306999206543
2011-10-23,0.627229988574982
2011-10-24,0.625129997730255
2011-10-25,0.625060021877289
2011-10-26,0.626579999923706
2011-10-27,0.6215900182724
2011-10-31,0.62066000699997
2011-11-01,0.621890008449554
2011-11-02,0.627349972724915
2011-11-03,0.628459990024567
2011-11-04,0.623549997806549
2011-11-07,0.623719990253448
2011-11-08,0.622590005397797
2011-11-09,0.621159970760345
2011-11-10,0.628340005874634
2011-11-11,0.627269983291626
2011-11-14,0.622009992599487
2011-11-15,0.628929972648621
2011-11-16,0.632679998874664
2011-11-17,0.636619985103607
2011-11-18,0.63484001159668
2011-11-21,0.633830010890961
2011-11-22,0.639429986476898
2011-11-23,0.639020025730133
2011-11-24,0.643970012664795
2011-11-25,0.646120011806488
2011-11-28,0.645579993724823
2011-11-29,0.645120024681091
2011-11-30,0.641110002994537
2011-12-01,0.636650025844574
2011-12-02,0.637629985809326
2011-12-05,0.640619993209839
2011-12-06,0.639259994029999
2011-12-07,0.640739977359772
2011-12-08,0.636929988861084
2011-12-09,0.639469981193542
2011-12-12,0.638809978961945
2011-12-13,0.641820013523102
2011-12-14,0.645990014076233
2011-12-15,0.646200001239777
2011-12-16,0.644209980964661
2011-12-19,0.64411997795105
2011-12-20,0.644749999046326
2011-12-21,0.638119995594025
2011-12-22,0.638119995594025
2011-12-23,0.637759983539581
2011-12-26,0.641149997711182
2011-12-27,0.640250027179718
2011-12-28,0.638369977474213
2011-12-29,0.647499978542328
2011-12-30,0.648679971694946
2012-01-02,0.644659996032715
2012-01-03,0.644330024719238
2012-01-04,0.639219999313354
2012-01-05,0.640640020370483
2012-01-06,0.645089983940125
2012-01-09,0.648530006408691
2012-01-10,0.646870017051697
2012-01-11,0.646220028400421
2012-01-12,0.652059972286224
2012-01-13,0.651799976825714
2012-01-16,0.653590023517609
2012-01-17,0.652530014514923
2012-01-18,0.651950001716614
2012-01-19,0.64809000492096
2012-01-20,0.645650029182434
2012-01-23,0.643270015716553
2012-01-24,0.641889989376068
2012-01-25,0.639919996261597
2012-01-26,0.638530015945435
2012-01-27,0.63766998052597
2012-01-30,0.635969996452332
2012-01-31,0.636600017547607
2012-02-01,0.634500026702881
2012-02-02,0.631200015544891
2012-02-03,0.632799983024597
2012-02-06,0.63279002904892
2012-02-07,0.63239997625351
2012-02-08,0.629199981689453
2012-02-09,0.63239997625351
2012-02-10,0.63239997625351
2012-02-13,0.633629977703094
2012-02-14,0.635900020599365
2012-02-15,0.63730001449585
2012-02-16,0.637399971485138
2012-02-17,0.632600009441376
2012-02-20,0.630150020122528
2012-02-21,0.631780028343201
2012-02-22,0.633300006389618
2012-02-23,0.63808000087738
2012-02-24,0.63510000705719
2012-02-27,0.629450023174286
2012-02-28,0.631600022315979
2012-02-29,0.628059983253479
2012-03-01,0.628000020980835
2012-03-02,0.626600027084351
2012-03-05,0.631590008735657
2012-03-06,0.629899978637695
2012-03-07,0.635999977588654
2012-03-08,0.635500013828278
2012-03-09,0.631900012493134
2012-03-12,0.638040006160736
2012-03-13,0.638800024986267
2012-03-14,0.636699974536896
2012-03-15,0.638800024986267
2012-03-16,0.636799991130829
2012-03-19,0.631429970264435
2012-03-20,0.629400014877319
2012-03-21,0.630400002002716
2012-03-22,0.629899978637695
2012-03-23,0.6317999958992
2012-03-25,0.629800021648407
2012-03-26,0.626500010490417
2012-03-27,0.626800000667572
2012-03-28,0.629199981689453
2012-03-29,0.626600027084351
2012-04-01,0.624450027942657
2012-04-02,0.623499989509583
2012-04-03,0.62866997718811
2012-04-04,0.628799974918365
2012-04-05,0.631699979305267
2012-04-08,0.629700005054474
2012-04-09,0.628610014915466
2012-04-10,0.630699992179871
2012-04-11,0.628000020980835
2012-04-12,0.626600027084351
2012-04-15,0.630900025367737
2012-04-16,0.629100024700165
2012-04-17,0.627269983291626
2012-04-18,0.624100029468536
2012-04-19,0.622600018978119
2012-04-22,0.619899988174438
2012-04-23,0.620299994945526
2012-04-24,0.619400024414062
2012-04-25,0.618120014667511
2012-04-26,0.618099987506866
2012-04-29,0.614199995994568
2012-04-30,0.61599999666214
2012-05-01,0.616400003433228
2012-05-02,0.617550015449524
2012-05-03,0.617590010166168
2012-05-06,0.62023001909256
2012-05-07,0.617500007152557
2012-05-08,0.619300007820129
2012-05-09,0.61965000629425
2012-05-10,0.619700014591217
2012-05-13,0.621999979019165
2012-05-14,0.621200025081635
2012-05-15,0.625500023365021
2012-05-16,0.628099977970123
2012-05-17,0.633499979972839
2012-05-20,0.63239997625351
2012-05-21,0.6317999958992
2012-05-22,0.634479999542236
2012-05-23,0.637600004673004
2012-05-24,0.638599991798401
2012-05-27,0.637700021266937
2012-05-28,0.638199985027313
2012-05-29,0.639599978923798
2012-05-30,0.645869970321655
2012-05-31,0.649500012397766
2012-06-03,0.651400029659271
2012-06-04,0.649999976158142
2012-06-05,0.649999976158142
2012-06-06,0.645900011062622
2012-06-07,0.644200026988983
2012-06-10,0.643599987030029
2012-06-11,0.6457399725914
2012-06-12,0.642300009727478
2012-06-13,0.644299983978271
2012-06-14,0.642899990081787
2012-06-17,0.636300027370453
2012-06-18,0.637499988079071
2012-06-19,0.636139988899231
2012-06-20,0.636699974536896
2012-06-21,0.640999972820282
2012-06-24,0.641700029373169
2012-06-25,0.642400026321411
2012-06-26,0.639500021934509
2012-06-27,0.642199993133545
2012-06-28,0.644400000572205
2012-07-01,0.63766998052597
2012-07-02,0.63730001449585
2012-07-03,0.63730001449585
2012-07-04,0.641680002212524
2012-07-05,0.643899977207184
2012-07-08,0.646000027656555
2012-07-09,0.643899977207184
2012-07-10,0.644400000572205
2012-07-11,0.644699990749359
2012-07-12,0.64819997549057
2012-07-15,0.641700029373169
2012-07-16,0.639999985694885
2012-07-17,0.63840001821518
2012-07-18,0.639100015163422
2012-07-19,0.63620001077652
2012-07-22,0.640699982643127
2012-07-23,0.644400000572205
2012-07-24,0.645099997520447
2012-07-25,0.645699977874756
2012-07-26,0.637499988079071
2012-07-29,0.635800004005432
2012-07-30,0.636399984359741
2012-07-31,0.63824999332428
2012-08-01,0.643299996852875
2012-08-02,0.644500017166138
2012-08-05,0.638809978961945
2012-08-06,0.641520023345947
2012-08-07,0.640359997749329
2012-08-08,0.638149976730347
2012-08-09,0.639750003814697
2012-08-12,0.638199985027313
2012-08-13,0.637799978256226
2012-08-14,0.637899994850159
2012-08-15,0.637700021266937
2012-08-16,0.635500013828278
2012-08-19,0.637399971485138
2012-08-20,0.636500000953674
2012-08-21,0.633750021457672
2012-08-22,0.629580020904541
2012-08-23,0.630599975585938
2012-08-26,0.63279002904892
2012-08-27,0.633199989795685
2012-08-28,0.631869971752167
2012-08-29,0.6317999958992
2012-08-30,0.633300006389618
2012-09-02,0.629999995231628
2012-09-03,0.629700005054474
2012-09-04,0.630299985408783
2012-09-05,0.628700017929077
2012-09-06,0.627600014209747
2012-09-09,0.624679982662201
2012-09-10,0.625310003757477
2012-09-11,0.622200012207031
2012-09-12,0.620800018310547
2012-09-13,0.619000017642975
2012-09-16,0.616299986839294
2012-09-17,0.615499973297119
2012-09-18,0.615599989891052
2012-09-19,0.616100013256073
2012-09-20,0.616450011730194
2012-09-23,0.616100013256073
2012-09-24,0.616299986839294
2012-09-25,0.617500007152557
2012-09-26,0.618099987506866
2012-09-27,0.616029977798462
2012-09-30,0.620159983634949
2012-10-01,0.620000004768372
2012-10-02,0.619899988174438
2012-10-03,0.621100008487701
2012-10-04,0.617799997329712
2012-10-07,0.619620025157928
2012-10-08,0.623669981956482
2012-10-09,0.625119984149933
2012-10-10,0.624700009822845
2012-10-11,0.62321001291275
2012-10-14,0.622699975967407
2012-10-15,0.62185001373291
2012-10-16,0.619960010051727
2012-10-17,0.619690001010895
2012-10-18,0.622780025005341
2012-10-21,0.625079989433289
2012-10-22,0.624109983444214
2012-10-23,0.626999974250793
2012-10-24,0.623769998550415
2012-10-25,0.620419979095459
2012-10-29,0.621299982070923
2012-10-30,0.623799979686737
2012-10-31,0.622099995613098
2012-11-01,0.619799971580505
2012-11-02,0.619799971580505
2012-11-05,0.624180018901825
2012-11-06,0.625599980354309
2012-11-07,0.625299990177155
2012-11-08,0.625699996948242
2012-11-09,0.625880002975464
2012-11-12,0.629159986972809
2012-11-13,0.629800021648407
2012-11-14,0.629800021648407
2012-11-15,0.631269991397858
2012-11-16,0.630299985408783
2012-11-19,0.628709971904755
2012-11-20,0.629159986972809
2012-11-21,0.627900004386902
2012-11-22,0.626200020313263
2012-11-23,0.627300024032593
2012-11-26,0.623910009860992
2012-11-27,0.623700022697449
2012-11-28,0.624100029468536
2012-11-29,0.624400019645691
2012-11-30,0.623399972915649
2012-12-03,0.624100029468536
2012-12-04,0.621200025081635
2012-12-05,0.621079981327057
2012-12-06,0.621379971504211
2012-12-07,0.623049974441528
2012-12-10,0.623610019683838
2012-12-11,0.622120022773743
2012-12-12,0.620400011539459
2012-12-13,0.619700014591217
2012-12-14,0.620500028133392
2012-12-17,0.6182000041008
2012-12-18,0.61710000038147
2012-12-19,0.615400016307831
2012-12-20,0.615299999713898
2012-12-21,0.614499986171722
2012-12-24,0.618929982185364
2012-12-25,0.619899988174438
2012-12-26,0.619700014591217
2012-12-27,0.620100021362305
2012-12-28,0.620500028133392
2012-12-31,0.61870002746582
2013-01-01,0.615899980068207
2013-01-02,0.615499973297119
2013-01-03,0.615289986133575
2013-01-04,0.621800005435944
2013-01-07,0.622359991073608
2013-01-08,0.620270013809204
2013-01-09,0.622600018978119
2013-01-10,0.624400019645691
2013-01-11,0.61870002746582
2013-01-14,0.62007999420166
2013-01-15,0.621999979019165
2013-01-16,0.622099995613098
2013-01-17,0.624899983406067
2013-01-18,0.625899970531464
2013-01-21,0.630699992179871
2013-01-22,0.631399989128113
2013-01-23,0.631349980831146
2013-01-24,0.631600022315979
2013-01-25,0.633599996566772
2013-01-28,0.633910000324249
2013-01-29,0.637000024318695
2013-01-30,0.634999990463257
2013-01-31,0.633000016212463
2013-02-01,0.630110025405884
2013-02-04,0.636740028858185
2013-02-05,0.634700000286102
2013-02-06,0.638300001621246
2013-02-07,0.63840001821518
2013-02-08,0.636529982089996
2013-02-11,0.632820010185242
2013-02-12,0.638700008392334
2013-02-13,0.637899994850159
2013-02-14,0.643790006637573
2013-02-15,0.6457200050354
2013-02-18,0.645990014076233
2013-02-19,0.646099984645844
2013-02-20,0.64819997549057
2013-02-21,0.656599998474121
2013-02-22,0.655200004577637
2013-02-25,0.662370026111603
2013-02-26,0.659449994564056
2013-02-27,0.660939991474152
2013-02-28,0.659300029277802
2013-03-01,0.65939998626709
2013-03-04,0.665069997310638
2013-03-05,0.66100001335144
2013-03-06,0.660600006580353
2013-03-07,0.666809976100922
2013-03-08,0.665499985218048
2013-03-11,0.67069000005722
2013-03-12,0.670899987220764
2013-03-13,0.670899987220764
2013-03-14,0.6700000166893
2013-03-15,0.662689983844757
2013-03-18,0.661920011043549
2013-03-19,0.662299990653992
2013-03-20,0.662400007247925
2013-03-21,0.662400007247925
2013-03-22,0.658670008182526
2013-03-25,0.655910015106201
2013-03-26,0.658800005912781
2013-03-27,0.659500002861023
2013-03-28,0.660979986190796
2013-03-29,0.657999992370605
2013-03-31,0.658070027828217
2013-04-01,0.656899988651276
2013-04-02,0.661899983882904
2013-04-03,0.66049998998642
2013-04-04,0.656759977340698
2013-04-07,0.65149998664856
2013-04-08,0.655200004577637
2013-04-09,0.652599990367889
2013-04-10,0.652499973773956
2013-04-11,0.649699985980988
2013-04-14,0.651300013065338
2013-04-15,0.653710007667542
2013-04-16,0.651000022888184
2013-04-17,0.656000018119812
2013-04-18,0.654299974441528
2013-04-21,0.656799972057343
2013-04-22,0.653599977493286
2013-04-23,0.656599998474121
2013-04-24,0.65446001291275
2013-04-25,0.647800028324127
2013-04-28,0.645500004291534
2013-04-29,0.645399987697601
2013-04-30,0.643599987030029
2013-05-01,0.642180025577545
2013-05-02,0.643620014190674
2013-05-05,0.64190000295639
2013-05-06,0.643599987030029
2013-05-07,0.646000027656555
2013-05-08,0.643379986286163
2013-05-09,0.647419989109039
2013-05-12,0.651809990406036
2013-05-13,0.653209984302521
2013-05-14,0.656719982624054
2013-05-15,0.656170010566711
2013-05-16,0.654579997062683
2013-05-19,0.65871000289917
2013-05-20,0.655210018157959
2013-05-21,0.659630000591278
2013-05-22,0.665109992027283
2013-05-23,0.662469983100891
2013-05-26,0.660889983177185
2013-05-27,0.66185998916626
2013-05-28,0.66550999879837
2013-05-29,0.660880029201508
2013-05-30,0.656639993190765
2013-06-02,0.65750002861023
2013-06-03,0.652679979801178
2013-06-04,0.653429985046387
2013-06-05,0.649209976196289
2013-06-06,0.640919983386993
2013-06-09,0.643869996070862
2013-06-10,0.643869996070862
2013-06-11,0.643869996070862
2013-06-12,0.637700021266937
2013-06-13,0.636380016803741
2013-06-16,0.636009991168976
2013-06-17,0.63621997833252
2013-06-18,0.639509975910187
2013-06-19,0.6458899974823
2013-06-20,0.644450008869171
2013-06-23,0.649810016155243
2013-06-24,0.647360026836395
2013-06-25,0.648639976978302
2013-06-26,0.652490019798279
2013-06-27,0.655380010604858
2013-06-30,0.657689988613129
2013-07-01,0.65718001127243
2013-07-02,0.659940004348755
2013-07-03,0.654690027236938
2013-07-04,0.664939999580383
2013-07-07,0.672070026397705
2013-07-08,0.668730020523071
2013-07-09,0.672879993915558
2013-07-10,0.658760011196136
2013-07-11,0.65881997346878
2013-07-14,0.662090003490448
2013-07-15,0.662249982357025
2013-07-16,0.660570025444031
2013-07-17,0.657469987869263
2013-07-18,0.65693998336792
2013-07-21,0.654240012168884
2013-07-22,0.650820016860962
2013-07-23,0.650409996509552
2013-07-24,0.653230011463165
2013-07-25,0.65012001991272
2013-07-28,0.649670004844666
2013-07-29,0.651820003986359
2013-07-30,0.656080007553101
2013-07-31,0.658980011940002
2013-08-01,0.661360025405884
2013-08-04,0.654139995574951
2013-08-05,0.651300013065338
2013-08-06,0.651679992675781
2013-08-07,0.645290017127991
2013-08-08,0.64367002248764
2013-08-11,0.644580006599426
2013-08-12,0.646910011768341
2013-08-13,0.647220015525818
2013-08-14,0.644490003585815
2013-08-15,0.639299988746643
2013-08-18,0.639999985694885
2013-08-19,0.639020025730133
2013-08-20,0.638409972190857
2013-08-21,0.640339970588684
2013-08-22,0.641139984130859
2013-08-25,0.64180999994278
2013-08-26,0.641650021076202
2013-08-27,0.64316999912262
2013-08-28,0.644020020961761
2013-08-29,0.644890010356903
2013-09-01,0.644370019435883
2013-09-02,0.643209993839264
2013-09-03,0.642520010471344
2013-09-04,0.640120029449463
2013-09-05,0.641439974308014
2013-09-08,0.639549970626831
2013-09-09,0.637040019035339
2013-09-10,0.635609984397888
2013-09-11,0.631869971752167
2013-09-12,0.632730007171631
2013-09-15,0.627499997615814
2013-09-16,0.628809988498688
2013-09-17,0.628729999065399
2013-09-18,0.619840025901794
2013-09-19,0.623520016670227
2013-09-22,0.624339997768402
2013-09-23,0.62338000535965
2013-09-24,0.625159978866577
2013-09-25,0.62212997674942
2013-09-26,0.623539984226227
2013-09-29,0.618470013141632
2013-09-30,0.617780029773712
2013-10-01,0.617579996585846
2013-10-02,0.615930020809174
2013-10-03,0.618929982185364
2013-10-06,0.623600006103516
2013-10-08,0.620310008525848
2013-10-09,0.626760005950928
2013-10-10,0.625779986381531
2013-10-13,0.626129984855652
2013-10-14,0.62610000371933
2013-10-15,0.625599980354309
2013-10-16,0.62720000743866
2013-10-17,0.619220018386841
2013-10-20,0.618350028991699
2013-10-21,0.619759976863861
2013-10-22,0.616039991378784
2013-10-23,0.618669986724854
2013-10-24,0.617250025272369
2013-10-28,0.618279993534088
2013-10-29,0.619509994983673
2013-10-30,0.623120009899139
2013-10-31,0.623979985713959
2013-11-01,0.623260021209717
2013-11-04,0.627990007400513
2013-11-05,0.626079976558685
2013-11-06,0.623130023479462
2013-11-07,0.621680021286011
2013-11-08,0.621550023555756
2013-11-11,0.624809980392456
2013-11-12,0.625509977340698
2013-11-13,0.629289984703064
2013-11-14,0.623090028762817
2013-11-15,0.622739970684052
2013-11-18,0.620580017566681
2013-11-19,0.620530009269714
2013-11-20,0.619620025157928
2013-11-21,0.621110022068024
2013-11-22,0.617780029773712
2013-11-25,0.616100013256073
2013-11-26,0.618539988994598
2013-11-27,0.616909980773926
2013-11-28,0.614139974117279
2013-11-29,0.611959993839264
2013-12-02,0.610580027103424
2013-12-03,0.6112499833107
2013-12-04,0.610170006752014
2013-12-05,0.610570013523102
2013-12-06,0.612219989299774
2013-12-09,0.612410008907318
2013-12-10,0.608820021152496
2013-12-11,0.6076899766922
2013-12-12,0.610639989376068
2013-12-13,0.611999988555908
2013-12-16,0.613309979438782
2013-12-17,0.613510012626648
2013-12-18,0.614329993724823
2013-12-19,0.61023998260498
2013-12-20,0.611069977283478
2013-12-23,0.612309992313385
2013-12-24,0.611609995365143
2013-12-25,0.610840022563934
2013-12-26,0.611469984054565
2013-12-27,0.609149992465973
2013-12-30,0.606710016727448
2013-12-31,0.606239974498749
2014-01-01,0.603720009326935
2014-01-02,0.603110015392303
2014-01-03,0.607980012893677
2014-01-06,0.609269976615906
2014-01-07,0.609089970588684
2014-01-08,0.609749972820282
2014-01-09,0.608009994029999
2014-01-10,0.60683000087738
2014-01-13,0.606270015239716
2014-01-14,0.61013001203537
2014-01-15,0.608489990234375
2014-01-16,0.611180007457733
2014-01-17,0.61150997877121
2014-01-20,0.609089970588684
2014-01-21,0.608860015869141
2014-01-22,0.606970012187958
2014-01-23,0.603789985179901
2014-01-24,0.60114997625351
2014-01-27,0.606410026550293
2014-01-28,0.603320002555847
2014-01-29,0.603500008583069
2014-01-30,0.603900015354156
2014-01-31,0.606119990348816
2014-02-03,0.608349978923798
2014-02-04,0.613160014152527
2014-02-05,0.612349987030029
2014-02-06,0.612479984760284
2014-02-07,0.612670004367828
2014-02-10,0.609369993209839
2014-02-11,0.609430015087128
2014-02-12,0.60794997215271
2014-02-13,0.602050006389618
2014-02-14,0.600340008735657
2014-02-17,0.596610009670258
2014-02-18,0.59808999300003
2014-02-19,0.599300026893616
2014-02-20,0.599669992923737
2014-02-21,0.600179970264435
2014-02-24,0.601199984550476
2014-02-25,0.600350022315979
2014-02-26,0.59961998462677
2014-02-27,0.599940001964569
2014-02-28,0.599089980125427
2014-03-03,0.597760021686554
2014-03-04,0.599940001964569
2014-03-05,0.599990010261536
2014-03-06,0.598119974136353
2014-03-07,0.5973100066185
2014-03-10,0.597689986228943
2014-03-11,0.60096001625061
2014-03-12,0.601660013198853
2014-03-13,0.601639986038208
2014-03-14,0.601499974727631
2014-03-17,0.600870013237
2014-03-18,0.600989997386932
2014-03-19,0.602479994297028
2014-03-20,0.604629993438721
2014-03-21,0.605740010738373
2014-03-24,0.60641998052597
2014-03-25,0.606119990348816
2014-03-26,0.604849994182587
2014-03-27,0.603250026702881
2014-03-28,0.602119982242584
2014-03-30,0.600820004940033
2014-03-31,0.600009977817535
2014-04-01,0.601209998130798
2014-04-02,0.601419985294342
2014-04-03,0.602450013160706
2014-04-06,0.603169977664948
2014-04-07,0.602029979228973
2014-04-08,0.597010016441345
2014-04-09,0.595239996910095
2014-04-10,0.59604001045227
2014-04-13,0.597739994525909
2014-04-14,0.597760021686554
2014-04-15,0.597890019416809
2014-04-16,0.595030009746552
2014-04-17,0.595709979534149
2014-04-20,0.595529973506927
2014-04-21,0.595489978790283
2014-04-22,0.594290018081665
2014-04-23,0.595770001411438
2014-04-24,0.594900012016296
2014-04-27,0.595040023326874
2014-04-28,0.594879984855652
2014-04-29,0.594380021095276
2014-04-30,0.59254002571106
2014-05-01,0.591880023479462
2014-05-04,0.592450022697449
2014-05-05,0.592769980430603
2014-05-06,0.589039981365204
2014-05-07,0.58977997303009
2014-05-08,0.590480029582977
2014-05-11,0.593110024929047
2014-05-12,0.592639982700348
2014-05-13,0.594030022621155
2014-05-14,0.596300005912781
2014-05-15,0.595399975776672
2014-05-18,0.594380021095276
2014-05-19,0.594640016555786
2014-05-20,0.593919992446899
2014-05-21,0.591820001602173
2014-05-22,0.592859983444214
2014-05-25,0.594030022621155
2014-05-26,0.593689978122711
2014-05-27,0.594810009002686
2014-05-28,0.598230004310608
2014-05-29,0.597930014133453
2014-06-01,0.596780002117157
2014-06-02,0.5971599817276
2014-06-03,0.5973299741745
2014-06-04,0.597370028495789
2014-06-05,0.594879984855652
2014-06-08,0.595170021057129
2014-06-09,0.595099985599518
2014-06-10,0.59689998626709
2014-06-11,0.595600008964539
2014-06-12,0.589659988880157
2014-06-15,0.58899998664856
2014-06-16,0.58898001909256
2014-06-17,0.589630007743835
2014-06-18,0.588280022144318
2014-06-19,0.586849987506866
2014-06-22,0.58745002746582
2014-06-23,0.58736002445221
2014-06-24,0.588909983634949
2014-06-25,0.58872002363205
2014-06-26,0.58736002445221
2014-06-29,0.58705997467041
2014-06-30,0.584460020065308
2014-07-01,0.583140015602112
2014-07-02,0.58271998167038
2014-07-03,0.583000004291534
2014-07-06,0.583039999008179
2014-07-07,0.583620011806488
2014-07-08,0.583419978618622
2014-07-09,0.582799971103668
2014-07-10,0.583739995956421
2014-07-13,0.584010004997253
2014-07-14,0.585210025310516
2014-07-15,0.583299994468689
2014-07-16,0.583440005779266
2014-07-17,0.584959983825684
2014-07-20,0.585099995136261
2014-07-21,0.58569997549057
2014-07-22,0.585979998111725
2014-07-23,0.586820006370544
2014-07-24,0.588519990444183
2014-07-27,0.588859975337982
2014-07-28,0.588769972324371
2014-07-29,0.590059995651245
2014-07-30,0.591359972953796
2014-07-31,0.592010021209717
2014-08-03,0.59417998790741
2014-08-04,0.592850029468536
2014-08-05,0.592480003833771
2014-08-06,0.593299984931946
2014-08-07,0.59417998790741
2014-08-10,0.596050024032593
2014-08-11,0.595679998397827
2014-08-12,0.594990015029907
2014-08-13,0.599170029163361
2014-08-14,0.599279999732971
2014-08-17,0.598079979419708
2014-08-18,0.597959995269775
2014-08-19,0.601629972457886
2014-08-20,0.602400004863739
2014-08-21,0.603139996528625
2014-08-24,0.604160010814667
2014-08-25,0.603489995002747
2014-08-26,0.604309976100922
2014-08-27,0.603269994258881
2014-08-28,0.602789998054504
2014-08-31,0.602680027484894
2014-09-01,0.601830005645752
2014-09-02,0.607209980487823
2014-09-03,0.607460021972656
2014-09-04,0.613719999790192
2014-09-07,0.616810023784637
2014-09-08,0.621309995651245
2014-09-09,0.620169997215271
2014-09-10,0.617250025272369
2014-09-11,0.61531001329422
2014-09-14,0.615079998970032
2014-09-15,0.616180002689362
2014-09-16,0.614780008792877
2014-09-17,0.614700019359589
2014-09-18,0.608380019664764
2014-09-21,0.612749993801117
2014-09-22,0.61080002784729
2014-09-23,0.609990000724792
2014-09-24,0.61259001493454
2014-09-25,0.612320005893707
2014-09-28,0.61583000421524
2014-09-29,0.615679979324341
2014-09-30,0.616760015487671
2014-10-01,0.617579996585846
2014-10-02,0.618809998035431
2014-10-05,0.626410007476807
2014-10-06,0.622080028057098
2014-10-07,0.621540009975433
2014-10-08,0.61870002746582
2014-10-09,0.620239973068237
2014-10-12,0.621389985084534
2014-10-13,0.622399985790253
2014-10-14,0.629270017147064
2014-10-15,0.625310003757477
2014-10-16,0.621270000934601
2014-10-19,0.6214200258255
2014-10-20,0.618849992752075
2014-10-21,0.620540022850037
2014-10-22,0.623250007629395
2014-10-23,0.623849987983704
2014-10-27,0.621389985084534
2014-10-28,0.620159983634949
2014-10-29,0.619470000267029
2014-10-30,0.624779999256134
2014-10-31,0.624960005283356
2014-11-03,0.626030027866364
2014-11-04,0.625829994678497
2014-11-05,0.624750018119812
2014-11-06,0.626380026340485
2014-11-07,0.631259977817535
2014-11-10,0.629519999027252
2014-11-11,0.630779981613159
2014-11-12,0.627900004386902
2014-11-13,0.634159982204437
2014-11-14,0.636849999427795
2014-11-17,0.638310015201569
2014-11-18,0.63934999704361
2014-11-19,0.63985002040863
2014-11-20,0.638019979000092
2014-11-21,0.63714998960495
2014-11-24,0.63902997970581
2014-11-25,0.637059986591339
2014-11-26,0.636089980602264
2014-11-27,0.633350014686584
2014-11-28,0.63594001531601
2014-12-01,0.640529990196228
2014-12-02,0.635550022125244
2014-12-03,0.639119982719421
2014-12-04,0.637179970741272
2014-12-05,0.637809991836548
2014-12-08,0.642440021038055
2014-12-09,0.638909995555878
2014-12-10,0.637430012226105
2014-12-11,0.635039985179901
2014-12-12,0.63603001832962
2014-12-15,0.635810017585754
2014-12-16,0.639169991016388
2014-12-17,0.635110020637512
2014-12-18,0.642120003700256
2014-12-19,0.638159990310669
2014-12-22,0.639810025691986
2014-12-23,0.641939997673035
2014-12-24,0.644240021705627
2014-12-25,0.64258998632431
2014-12-26,0.64258998632431
2014-12-29,0.642939984798431
2014-12-30,0.644500017166138
2014-12-31,0.642300009727478
2015-01-01,0.64180999994278
2015-01-02,0.641860008239746
2015-01-05,0.654240012168884
2015-01-06,0.655380010604858
2015-01-07,0.66058999300003
2015-01-08,0.661920011043549
2015-01-09,0.662779986858368
2015-01-12,0.658349990844727
2015-01-13,0.659179985523224
2015-01-14,0.659179985523224
2015-01-15,0.656409978866577
2015-01-16,0.65871000289917
2015-01-19,0.660409986972809
2015-01-20,0.662689983844757
2015-01-21,0.660179972648621
2015-01-22,0.660290002822876
2015-01-23,0.666079998016357
2015-01-26,0.666849970817566
2015-01-27,0.662890017032623
2015-01-28,0.658410012722015
2015-01-29,0.660399973392487
2015-01-30,0.663169980049133
2015-02-02,0.662819981575012
2015-02-03,0.66541999578476
2015-02-04,0.660409986972809
2015-02-05,0.658760011196136
2015-02-06,0.652490019798279
2015-02-09,0.656210005283356
2015-02-10,0.65719997882843
2015-02-11,0.655219972133636
2015-02-12,0.656050026416779
2015-02-13,0.649689972400665
2015-02-16,0.649330019950867
2015-02-17,0.651199996471405
2015-02-18,0.651319980621338
2015-02-19,0.647710025310516
2015-02-20,0.648509979248047
2015-02-23,0.649810016155243
2015-02-24,0.647149980068207
2015-02-25,0.646870017051697
2015-02-26,0.643959999084473
2015-02-27,0.64859002828598
2015-03-02,0.649089992046356
2015-03-03,0.651080012321472
2015-03-04,0.650759994983673
2015-03-05,0.655089974403381
2015-03-06,0.65583997964859
2015-03-09,0.664110004901886
2015-03-10,0.662039995193481
2015-03-11,0.663039982318878
2015-03-12,0.669659972190857
2015-03-13,0.671410024166107
2015-03-16,0.677699983119965
2015-03-17,0.674499988555908
2015-03-18,0.677869975566864
2015-03-19,0.668359994888306
2015-03-20,0.677429974079132
2015-03-23,0.669200003147125
2015-03-24,0.66881000995636
2015-03-25,0.674130022525787
2015-03-26,0.672160029411316
2015-03-27,0.673020005226135
2015-03-29,0.671779990196228
2015-03-30,0.675260007381439
2015-03-31,0.674329996109009
2015-04-01,0.674000024795532
2015-04-02,0.674279987812042
2015-04-05,0.66975998878479
2015-04-06,0.671559989452362
2015-04-07,0.674589991569519
2015-04-08,0.672110021114349
2015-04-09,0.679579973220825
2015-04-12,0.683030009269714
2015-04-13,0.681760013103485
2015-04-14,0.676959991455078
2015-04-15,0.674380004405975
2015-04-16,0.670159995555878
2015-04-19,0.668079972267151
2015-04-20,0.670700013637543
2015-04-21,0.669539988040924
2015-04-22,0.665000021457672
2015-04-23,0.664359986782074
2015-04-26,0.658909976482391
2015-04-27,0.656870007514954
2015-04-28,0.652109980583191
2015-04-29,0.648220002651215
2015-04-30,0.651269972324371
2015-05-03,0.660210013389587
2015-05-04,0.661249995231628
2015-05-05,0.659009993076324
2015-05-06,0.656080007553101
2015-05-07,0.649049997329712
2015-05-10,0.64792001247406
2015-05-11,0.641969978809357
2015-05-12,0.638119995594025
2015-05-13,0.635320007801056
2015-05-14,0.634029984474182
2015-05-17,0.635079979896545
2015-05-18,0.638419985771179
2015-05-19,0.644490003585815
2015-05-20,0.643379986286163
2015-05-21,0.638409972190857
2015-05-24,0.646200001239777
2015-05-25,0.64631998538971
2015-05-26,0.649410009384155
2015-05-27,0.651459991931915
2015-05-28,0.652779996395111
2015-05-31,0.654070019721985
2015-06-01,0.657899975776672
2015-06-02,0.651899993419647
2015-06-03,0.652459979057312
2015-06-04,0.650829970836639
2015-06-07,0.654969990253448
2015-06-08,0.651639997959137
2015-06-09,0.649600028991699
2015-06-10,0.645290017127991
2015-06-11,0.64478999376297
2015-06-14,0.642610013484955
2015-06-15,0.641189992427826
2015-06-16,0.639400005340576
2015-06-17,0.630990028381348
2015-06-18,0.62976998090744
2015-06-21,0.629519999027252
2015-06-22,0.631739974021912
2015-06-23,0.635280013084412
2015-06-24,0.636539995670319
2015-06-25,0.63511997461319
2015-06-28,0.637220025062561
2015-06-29,0.635649979114532
2015-06-30,0.637470006942749
2015-07-01,0.640820026397705
2015-07-02,0.640489995479584
2015-07-05,0.642840027809143
2015-07-06,0.640940010547638
2015-07-07,0.646709978580475
2015-07-08,0.650619983673096
2015-07-09,0.650449991226196
2015-07-12,0.644500017166138
2015-07-13,0.645900011062622
2015-07-14,0.639509975910187
2015-07-15,0.639630019664764
2015-07-16,0.640489995479584
2015-07-19,0.641009986400604
2015-07-20,0.642099976539612
2015-07-21,0.642840027809143
2015-07-22,0.64045000076294
2015-07-23,0.644349992275238
2015-07-26,0.644209980964661
2015-07-27,0.6424999833107
2015-07-28,0.640569984912872
2015-07-29,0.640940010547638
2015-07-30,0.640850007534027
2015-08-02,0.639919996261597
2015-08-03,0.641420006752014
2015-08-04,0.642300009727478
2015-08-05,0.640779972076416
2015-08-06,0.644569993019104
2015-08-09,0.645410001277924
2015-08-10,0.641629993915558
2015-08-11,0.641680002212524
2015-08-12,0.640370011329651
2015-08-13,0.640290021896362
2015-08-16,0.638899981975555
2015-08-17,0.64164000749588
2015-08-18,0.638369977474213
2015-08-19,0.637629985809326
2015-08-20,0.637310028076172
2015-08-23,0.63783997297287
2015-08-24,0.634400010108948
2015-08-25,0.637109994888306
2015-08-26,0.645910024642944
2015-08-27,0.64876002073288
2015-08-30,0.64859002828598
2015-08-31,0.650910019874573
2015-09-01,0.653370022773743
2015-09-02,0.653249979019165
2015-09-03,0.655219972133636
2015-09-06,0.657850027084351
2015-09-07,0.654320001602173
2015-09-08,0.649269998073578
2015-09-09,0.651130020618439
2015-09-10,0.647580027580261
2015-09-13,0.647329986095428
2015-09-14,0.648209989070892
2015-09-15,0.651679992675781
2015-09-16,0.644410014152527
2015-09-17,0.642300009727478
2015-09-20,0.643959999084473
2015-09-21,0.644819974899292
2015-09-22,0.651300013065338
2015-09-23,0.655650019645691
2015-09-24,0.656729996204376
2015-09-27,0.657819986343384
2015-09-28,0.659409999847412
2015-09-29,0.659720003604889
2015-09-30,0.661199986934662
2015-10-01,0.660539984703064
2015-10-04,0.658150017261505
2015-10-05,0.659850001335144
2015-10-06,0.65676999092102
2015-10-07,0.652930021286011
2015-10-08,0.651409983634949
2015-10-11,0.652610003948212
2015-10-12,0.651979982852936
2015-10-13,0.655390024185181
2015-10-14,0.645990014076233
2015-10-15,0.646329998970032
2015-10-18,0.647750020027161
2015-10-19,0.646329998970032
2015-10-20,0.647289991378784
2015-10-21,0.648320019245148
2015-10-22,0.650039970874786
2015-10-26,0.652849972248077
2015-10-27,0.651130020618439
2015-10-28,0.653039991855621
2015-10-29,0.654799997806549
2015-10-30,0.65258002281189
2015-11-02,0.647599995136261
2015-11-03,0.648339986801147
2015-11-04,0.648540019989014
2015-11-05,0.649770021438599
2015-11-06,0.65745997428894
2015-11-09,0.664229989051819
2015-11-10,0.661329984664917
2015-11-11,0.660549998283386
2015-11-12,0.656809985637665
2015-11-13,0.6564000248909
2015-11-16,0.657119989395142
2015-11-17,0.657679975032806
2015-11-18,0.657029986381531
2015-11-19,0.656199991703033
2015-11-20,0.654100000858307
2015-11-23,0.658330023288727
2015-11-24,0.660979986190796
2015-11-25,0.662869989871979
2015-11-26,0.661220014095306
2015-11-27,0.662259995937347
2015-11-30,0.664939999580383
2015-12-01,0.664099991321564
2015-12-02,0.6632199883461
2015-12-03,0.668940007686615
2015-12-04,0.660719990730286
2015-12-07,0.661700010299683
2015-12-08,0.664439976215363
2015-12-09,0.666220009326935
2015-12-10,0.658590018749237
2015-12-11,0.659590005874634
2015-12-14,0.657939970493317
2015-12-15,0.659600019454956
2015-12-16,0.66473001241684
2015-12-17,0.667649984359741
2015-12-18,0.669809997081757
2015-12-21,0.670769989490509
2015-12-22,0.671280026435852
2015-12-23,0.674610018730164
2015-12-24,0.672179996967316
2015-12-25,0.670499980449677
2015-12-28,0.669700026512146
2015-12-29,0.671410024166107
2015-12-30,0.67466002702713
2015-12-31,0.674799978733063
2016-01-01,0.67849999666214
2016-01-04,0.678560018539429
2016-01-05,0.679620027542114
2016-01-06,0.68147999048233
2016-01-07,0.68352997303009
2016-01-08,0.683669984340668
2016-01-11,0.688470005989075
2016-01-12,0.687569975852966
2016-01-13,0.692700028419495
2016-01-14,0.694060027599335
2016-01-15,0.693139970302582
2016-01-18,0.700569987297058
2016-01-19,0.701600015163422
2016-01-20,0.705099999904633
2016-01-21,0.704299986362457
2016-01-22,0.702899992465973
2016-01-25,0.701259970664978
2016-01-26,0.702099978923798
2016-01-27,0.697200000286102
2016-01-28,0.701799988746643
2016-01-29,0.696280002593994
2016-02-01,0.701950013637543
2016-02-02,0.693099975585938
2016-02-03,0.694000005722046
2016-02-04,0.685599982738495
2016-02-05,0.685819983482361
2016-02-08,0.689079999923706
2016-02-09,0.692709982395172
2016-02-10,0.691280007362366
2016-02-11,0.688399970531464
2016-02-12,0.690500020980835
2016-02-15,0.688799977302551
2016-02-16,0.691600024700165
2016-02-17,0.699109971523285
2016-02-18,0.700200021266937
2016-02-19,0.697679996490479
2016-02-22,0.700969994068146
2016-02-23,0.706809997558594
2016-02-24,0.713599979877472
2016-02-25,0.717899978160858
2016-02-26,0.716000020503998
2016-02-29,0.721400022506714
2016-03-01,0.717980027198792
2016-03-02,0.716130018234253
2016-03-03,0.71017998456955
2016-03-04,0.705470025539398
2016-03-07,0.703480005264282
2016-03-08,0.701200008392334
2016-03-09,0.703800022602081
2016-03-10,0.70388001203537
2016-03-11,0.699899971485138
2016-03-14,0.695410013198853
2016-03-15,0.700179994106293
2016-03-16,0.706399977207184
2016-03-17,0.701499998569489
2016-03-18,0.690699994564056
2016-03-21,0.691179990768433
2016-03-22,0.695890009403229
2016-03-23,0.702989995479584
2016-03-24,0.708369970321655
2016-03-25,0.707710027694702
2016-03-27,0.707660019397736
2016-03-28,0.701099991798401
2016-03-29,0.695100009441376
2016-03-30,0.695699989795685
2016-03-31,0.696039974689484
2016-04-03,0.703010022640228
2016-04-04,0.701020002365112
2016-04-05,0.706399977207184
2016-04-06,0.707310020923615
2016-04-07,0.711340010166168
2016-04-10,0.707710027694702
2016-04-11,0.70253998041153
2016-04-12,0.700820028781891
2016-04-13,0.704620003700256
2016-04-14,0.706910014152527
2016-04-17,0.70550000667572
2016-04-18,0.69980001449585
2016-04-19,0.694949984550476
2016-04-20,0.697399973869324
2016-04-21,0.698180019855499
2016-04-24,0.692200005054474
2016-04-25,0.690100014209747
2016-04-26,0.685999989509583
2016-04-27,0.687659978866577
2016-04-28,0.684400022029877
2016-05-01,0.684800028800964
2016-05-02,0.681850016117096
2016-05-03,0.68724000453949
2016-05-04,0.689320027828217
2016-05-05,0.689999997615814
2016-05-08,0.692960023880005
2016-05-09,0.693700015544891
2016-05-10,0.691969990730286
2016-05-11,0.692600011825562
2016-05-12,0.69226998090744
2016-05-15,0.696900010108948
2016-05-16,0.692189991474152
2016-05-17,0.691789984703064
2016-05-18,0.685109972953796
2016-05-19,0.684880018234253
2016-05-22,0.690100014209747
2016-05-23,0.690519988536835
2016-05-24,0.684340000152588
2016-05-25,0.680350005626678
2016-05-26,0.681900024414062
2016-05-29,0.683690011501312
2016-05-30,0.683290004730225
2016-05-31,0.690490007400513
2016-06-01,0.693509995937347
2016-06-02,0.694180011749268
2016-06-05,0.695219993591309
2016-06-06,0.691600024700165
2016-06-07,0.687590003013611
2016-06-08,0.688780009746552
2016-06-09,0.691380023956299
2016-06-12,0.704779982566833
2016-06-13,0.703890025615692
2016-06-14,0.708029985427856
2016-06-15,0.704429984092712
2016-06-16,0.699509978294373
2016-06-19,0.685590028762817
2016-06-20,0.681429982185364
2016-06-21,0.68164998292923
2016-06-22,0.676159977912903
2016-06-23,0.686909973621368
2016-06-26,0.743439972400665
2016-06-27,0.755569994449615
2016-06-28,0.749010026454926
2016-06-29,0.74261999130249
2016-06-30,0.75025999546051
2016-07-03,0.752449989318848
2016-07-04,0.753019988536835
2016-07-05,0.771730005741119
2016-07-06,0.773639976978302
2016-07-07,0.774249970912933
2016-07-10,0.772430002689362
2016-07-11,0.770349979400635
2016-07-12,0.753109991550446
2016-07-13,0.762210011482239
2016-07-14,0.748619973659515
2016-07-17,0.755879998207092
2016-07-18,0.753639996051788
2016-07-19,0.762870013713837
2016-07-20,0.753889977931976
2016-07-21,0.75493997335434
2016-07-24,0.76162999868393
2016-07-25,0.762899994850159
2016-07-26,0.760290026664734
2016-07-27,0.755410015583038
2016-07-28,0.759769976139069
2016-07-31,0.756640017032623
2016-08-01,0.758409976959229
2016-08-02,0.749750018119812
2016-08-03,0.750299990177155
2016-08-04,0.761659979820251
2016-08-07,0.764190018177032
2016-08-08,0.767319977283478
2016-08-09,0.768809974193573
2016-08-10,0.768040001392365
2016-08-11,0.771910011768341
2016-08-14,0.774600028991699
2016-08-15,0.776210010051727
2016-08-16,0.767239987850189
2016-08-17,0.766600012779236
2016-08-18,0.759500026702881
2016-08-21,0.765929996967316
2016-08-22,0.76120001077652
2016-08-23,0.757799983024597
2016-08-24,0.755599975585938
2016-08-25,0.75789999961853
2016-08-28,0.761699974536896
2016-08-29,0.762899994850159
2016-08-30,0.763899981975555
2016-08-31,0.761399984359741
2016-09-01,0.75330001115799
2016-09-04,0.75220000743866
2016-09-05,0.75110000371933
2016-09-06,0.745100021362305
2016-09-07,0.749700009822845
2016-09-08,0.751299977302551
2016-09-11,0.753400027751923
2016-09-12,0.749700009822845
2016-09-13,0.75789999961853
2016-09-14,0.753899991512299
2016-09-15,0.754849970340729
2016-09-18,0.768270015716553
2016-09-19,0.766600012779236
2016-09-20,0.770099997520447
2016-09-21,0.767099976539612
2016-09-22,0.764100015163422
2016-09-25,0.770500004291534
2016-09-26,0.7710400223732
2016-09-27,0.768499970436096
2016-09-28,0.76690000295639
2016-09-29,0.771399974822998
2016-10-02,0.773299992084503
2016-10-03,0.778299987316132
2016-10-04,0.785399973392487
2016-10-05,0.783999979496002
2016-10-06,0.806299984455109
2016-10-09,0.804199993610382
2016-10-10,0.81029999256134
2016-10-11,0.814400017261505
2016-10-12,0.820500016212463
2016-10-13,0.818199992179871
2016-10-16,0.820800006389618
2016-10-17,0.818400025367737
2016-10-18,0.812699973583221
2016-10-19,0.813700020313263
2016-10-20,0.815900027751923
2016-10-23,0.818390011787415
2016-10-24,0.818499982357025
2016-10-25,0.821300029754639
2016-10-26,0.817300021648407
2016-10-27,0.821600019931793
2016-10-31,0.818599998950958
2016-11-01,0.817200005054474
2016-11-02,0.817089974880219
2016-11-03,0.812699973583221
2016-11-04,0.801999986171722
2016-11-07,0.800700008869171
2016-11-08,0.806500017642975
2016-11-09,0.807200014591217
2016-11-10,0.80510002374649
2016-11-11,0.796599984169006
2016-11-14,0.795300006866455
2016-11-15,0.798699975013733
2016-11-16,0.802799999713898
2016-11-17,0.803699970245361
2016-11-18,0.805800020694733
2016-11-21,0.81139999628067
2016-11-22,0.800400018692017
2016-11-23,0.804899990558624
2016-11-24,0.804300010204315
2016-11-25,0.803030014038086
2016-11-28,0.801199972629547
2016-11-29,0.8057000041008
2016-11-30,0.800499975681305
2016-12-01,0.798900008201599
2016-12-02,0.794300019741058
2016-12-05,0.789399981498718
2016-12-06,0.785640001296997
2016-12-07,0.789200007915497
2016-12-08,0.791899979114532
2016-12-09,0.794600009918213
2016-12-12,0.793799996376038
2016-12-13,0.788900017738342
2016-12-14,0.789699971675873
2016-12-15,0.797559976577759
2016-12-16,0.804899990558624
2016-12-19,0.800700008869171
2016-12-20,0.807099997997284
2016-12-21,0.808700025081635
2016-12-22,0.809400022029877
2016-12-23,0.814000010490417
2016-12-26,0.813700020313263
2016-12-27,0.814599990844727
2016-12-28,0.814599990844727
2016-12-29,0.818000018596649
2016-12-30,0.813799977302551
2017-01-02,0.80978000164032
2017-01-03,0.814199984073639
2017-01-04,0.816619992256165
2017-01-05,0.811240017414093
2017-01-06,0.804799973964691
2017-01-09,0.815599977970123
2017-01-10,0.821460008621216
2017-01-11,0.821399986743927
2017-01-12,0.818700015544891
2017-01-13,0.822000026702881
2017-01-16,0.830609977245331
2017-01-17,0.830550014972687
2017-01-18,0.807229995727539
2017-01-19,0.815680027008057
2017-01-20,0.810479998588562
2017-01-23,0.807299971580505
2017-01-24,0.798900008201599
2017-01-25,0.79789000749588
2017-01-26,0.791509985923767
2017-01-27,0.793940007686615
2017-01-30,0.794160008430481
2017-01-31,0.800000011920929
2017-02-01,0.794300019741058
2017-02-02,0.789799988269806
2017-02-03,0.798720002174377
2017-02-06,0.801010012626648
2017-02-07,0.802030026912689
2017-02-08,0.800239980220795
2017-02-09,0.798210024833679
2017-02-10,0.800119996070862
2017-02-13,0.800989985466003
2017-02-14,0.798529982566833
2017-02-15,0.801900029182434
2017-02-16,0.801940023899078
2017-02-17,0.800689995288849
2017-02-20,0.804250001907349
2017-02-21,0.80171000957489
2017-02-22,0.800830006599426
2017-02-23,0.802969992160797
2017-02-24,0.796419978141785
2017-02-27,0.80647999048233
2017-02-28,0.803900003433228
2017-03-01,0.807879984378815
2017-03-02,0.814849972724915
2017-03-03,0.814679980278015
2017-03-06,0.813000023365021
2017-03-07,0.816799998283386
2017-03-08,0.819369971752167
2017-03-09,0.821200013160706
2017-03-10,0.822549998760223
2017-03-13,0.821600019931793
2017-03-14,0.819270014762878
2017-03-15,0.822539985179901
2017-03-16,0.814050018787384
2017-03-17,0.809639990329742
2017-03-20,0.807460010051727
2017-03-21,0.808600008487701
2017-03-22,0.801150023937225
2017-03-23,0.801599979400635
2017-03-24,0.798799991607666
2017-03-26,0.799070000648499
2017-03-27,0.796310007572174
2017-03-28,0.805060029029846
2017-03-29,0.803830027580261
2017-03-30,0.801379978656769
2017-04-02,0.797399997711182
2017-04-03,0.800499975681305
2017-04-04,0.803860008716583
2017-04-05,0.800700008869171
2017-04-06,0.802009999752045
2017-04-09,0.808070003986359
2017-04-10,0.804799973964691
2017-04-11,0.800490021705627
2017-04-12,0.796819984912872
2017-04-13,0.799499988555908
2017-04-16,0.797760009765625
2017-04-17,0.796320021152496
2017-04-18,0.778540015220642
2017-04-19,0.782329976558685
2017-04-20,0.781130015850067
2017-04-23,0.779649972915649
2017-04-24,0.782679975032806
2017-04-25,0.779280006885529
2017-04-26,0.778310000896454
2017-04-27,0.775579988956451
2017-04-30,0.773299992084503
2017-05-01,0.775349974632263
2017-05-02,0.772700011730194
2017-05-03,0.776899993419647
2017-05-04,0.773699998855591
2017-05-07,0.771269977092743
2017-05-08,0.772599995136261
2017-05-09,0.772289991378784
2017-05-10,0.773360013961792
2017-05-11,0.775699973106384
2017-05-14,0.776000022888184
2017-05-15,0.775009989738464
2017-05-16,0.774179995059967
2017-05-17,0.771000027656555
2017-05-18,0.771700024604797
2017-05-21,0.768509984016418
2017-05-22,0.769509971141815
2017-05-23,0.771809995174408
2017-05-24,0.770399987697601
2017-05-25,0.77319997549057
2017-05-28,0.780380010604858
2017-05-29,0.780390024185181
2017-05-30,0.780700027942657
2017-05-31,0.776669979095459
2017-06-01,0.77590000629425
2017-06-04,0.77700001001358
2017-06-05,0.774749994277954
2017-06-06,0.774789988994598
2017-06-07,0.771480023860931
2017-06-08,0.785979986190796
2017-06-11,0.784979999065399
2017-06-12,0.789279997348785
2017-06-13,0.784280002117157
2017-06-14,0.784039974212646
2017-06-15,0.783800005912781
2017-06-18,0.78250002861023
2017-06-19,0.785399973392487
2017-06-20,0.7916100025177
2017-06-21,0.78890997171402
2017-06-22,0.788760006427765
2017-06-25,0.784720003604889
2017-06-26,0.785880029201508
2017-06-27,0.780460000038147
2017-06-28,0.772710025310516
2017-06-29,0.768570005893707
2017-07-02,0.76826000213623
2017-07-03,0.772279977798462
2017-07-04,0.773100018501282
2017-07-05,0.773289978504181
2017-07-06,0.770799994468689
2017-07-09,0.775720000267029
2017-07-11,0.777629971504211
2017-07-12,0.775569975376129
2017-07-13,0.772369980812073
2017-07-16,0.762700021266937
2017-07-17,0.766099989414215
2017-07-18,0.766950011253357
2017-07-19,0.767300009727478
2017-07-20,0.771279990673065
2017-07-23,0.76894998550415
2017-07-24,0.767400026321411
2017-07-25,0.767599999904633
2017-07-26,0.762499988079071
2017-07-27,0.764720022678375
2017-07-30,0.760749995708466
2017-07-31,0.757839977741241
2017-08-01,0.757120013237
2017-08-02,0.755949974060059
2017-08-03,0.760800004005432
2017-08-06,0.766460001468658
2017-08-07,0.767000019550323
2017-08-08,0.77004998922348
2017-08-09,0.768400013446808
2017-08-10,0.770609974861145
2017-08-13,0.768880009651184
2017-08-14,0.77130001783371
2017-08-15,0.777180016040802
2017-08-16,0.775699973106384
2017-08-17,0.777300000190735
2017-08-20,0.776780009269714
2017-08-21,0.775300025939941
2017-08-22,0.779789984226227
2017-08-23,0.781019985675812
2017-08-24,0.78100997209549
2017-08-27,0.774879992008209
2017-08-28,0.773570001125336
2017-08-29,0.773599982261658
2017-08-30,0.773959994316101
2017-08-31,0.772700011730194
2017-09-03,0.77130001783371
2017-09-04,0.773750007152557
2017-09-05,0.766799986362457
2017-09-06,0.766300022602081
2017-09-07,0.76308000087738
2017-09-10,0.757709980010986
2017-09-11,0.759320020675659
2017-09-12,0.752489984035492
2017-09-13,0.75722998380661
2017-09-14,0.746320009231567
2017-09-17,0.736639976501465
2017-09-18,0.739830017089844
2017-09-19,0.73989999294281
2017-09-20,0.741310000419617
2017-09-21,0.736389994621277
2017-09-24,0.740339994430542
2017-09-25,0.741959989070892
2017-09-26,0.743600010871887
2017-09-27,0.74633002281189
2017-09-28,0.744589984416962
2017-10-01,0.746599972248077
2017-10-02,0.753260016441345
2017-10-03,0.755219995975494
2017-10-04,0.755699992179871
2017-10-05,0.762619972229004
2017-10-08,0.764289975166321
2017-10-09,0.760800004005432
2017-10-10,0.756940007209778
2017-10-11,0.755299985408783
2017-10-12,0.753899991512299
2017-10-15,0.752510011196136
2017-10-16,0.754549980163574
2017-10-17,0.757870018482208
2017-10-18,0.756829977035522
2017-10-19,0.760420024394989
2017-10-22,0.75815999507904
2017-10-23,0.757200002670288
2017-10-24,0.761500000953674
2017-10-25,0.753380000591278
2017-10-26,0.761600017547607
2017-10-30,0.761380016803741
2017-10-31,0.756860017776489
2017-11-01,0.752319991588593
2017-11-02,0.754410028457642
2017-11-03,0.766089975833893
2017-11-06,0.764500021934509
2017-11-07,0.759010016918182
2017-11-08,0.759180009365082
2017-11-09,0.762600004673004
2017-11-10,0.760779976844788
2017-11-13,0.762179970741272
2017-11-14,0.762000024318695
2017-11-15,0.759999990463257
2017-11-17,0.757550001144409
2017-11-20,0.757420003414154
2017-11-21,0.754999995231628
2017-11-22,0.754970014095306
2017-11-23,0.75093001127243
2017-11-24,0.751500010490417
2017-11-27,0.750500023365021
2017-11-28,0.750620007514954
2017-11-29,0.748199999332428
2017-11-30,0.745310008525848
2017-12-01,0.739099979400635
2017-12-04,0.741069972515106
2017-12-05,0.74210000038147
2017-12-06,0.745419979095459
2017-12-07,0.74669998884201
2017-12-08,0.741599977016449
2017-12-11,0.746710002422333
2017-12-12,0.749100029468536
2017-12-13,0.750779986381531
2017-12-14,0.745729982852936
2017-12-15,0.744440019130707
2017-12-18,0.750899970531464
2017-12-19,0.747340023517609
2017-12-20,0.746999979019165
2017-12-21,0.747829973697662
2017-12-22,0.747359991073608
2017-12-25,0.748220026493073
2017-12-26,0.747600018978119
2017-12-27,0.747680008411407
2017-12-28,0.746050000190735
2017-12-29,0.744000017642975
2018-01-01,0.739859998226166
2018-01-02,0.740119993686676
2018-01-03,0.735499978065491
2018-01-04,0.740119993686676
2018-01-05,0.73785001039505
2018-01-08,0.73659998178482
2018-01-09,0.736850023269653
2018-01-10,0.73896998167038
2018-01-11,0.740040004253387
2018-01-12,0.738449990749359
2018-01-15,0.728169977664948
2018-01-16,0.724730014801025
2018-01-17,0.724699974060059
2018-01-18,0.723169982433319
2018-01-19,0.71969997882843
2018-01-22,0.719860017299652
2018-01-23,0.715059995651245
2018-01-24,0.71340000629425
2018-01-25,0.70319002866745
2018-01-26,0.706700026988983
2018-01-29,0.706749975681305
2018-01-30,0.710399985313416
2018-01-31,0.706420004367828
2018-02-01,0.704200029373169
2018-02-02,0.700929999351501
2018-02-05,0.70864999294281
2018-02-06,0.717170000076294
2018-02-07,0.716400027275085
2018-02-08,0.720499992370605
2018-02-09,0.717620015144348
2018-02-12,0.723200023174286
2018-02-13,0.72189998626709
2018-02-14,0.720099985599518
2018-02-15,0.713479995727539
2018-02-16,0.709010004997253
2018-02-19,0.712679982185364
2018-02-20,0.714659988880157
2018-02-21,0.714230000972748
2018-02-22,0.7189000248909
2018-02-23,0.716690003871918
2018-02-26,0.715919971466064
2018-02-27,0.716000020503998
2018-02-28,0.719110012054443
2018-03-01,0.727050006389618
2018-03-02,0.725929975509644
2018-03-05,0.724900007247925
2018-03-06,0.72189998626709
2018-03-07,0.71942001581192
2018-03-08,0.719099998474121
2018-03-09,0.72434002161026
2018-03-12,0.721740007400513
2018-03-13,0.719030022621155
2018-03-14,0.715699970722198
2018-03-15,0.715740025043488
2018-03-16,0.717429995536804
2018-03-19,0.717180013656616
2018-03-20,0.712999999523163
2018-03-21,0.714039981365204
2018-03-22,0.706900000572205
2018-03-23,0.708480000495911
2018-03-25,0.706830024719238
2018-03-26,0.702300012111664
2018-03-27,0.705399990081787
2018-03-28,0.710210025310516
2018-03-29,0.712790012359619
2018-04-01,0.712339997291565
2018-04-02,0.711910009384155
2018-04-03,0.710799992084503
2018-04-04,0.709819972515106
2018-04-05,0.713840007781982
2018-04-08,0.709640026092529
2018-04-09,0.707300007343292
2018-04-10,0.705110013484955
2018-04-11,0.704770028591156
2018-04-12,0.702340006828308
2018-04-15,0.701910018920898
2018-04-16,0.697250008583069
2018-04-17,0.699469983577728
2018-04-18,0.704010009765625
2018-04-19,0.70990002155304
2018-04-22,0.714200019836426
2018-04-23,0.717450022697449
2018-04-24,0.714600026607513
2018-04-25,0.717400014400482
2018-04-26,0.718420028686523
2018-04-29,0.726159989833832
2018-04-30,0.726100027561188
2018-05-01,0.734790027141571
2018-05-02,0.736710011959076
2018-05-03,0.736790001392365
2018-05-06,0.738990008831024
2018-05-07,0.736899971961975
2018-05-08,0.737820029258728
2018-05-09,0.738300025463104
2018-05-10,0.739459991455078
2018-05-13,0.737800002098083
2018-05-14,0.73733001947403
2018-05-15,0.740729987621307
2018-05-16,0.738099992275238
2018-05-17,0.73989999294281
2018-05-20,0.741999983787537
2018-05-21,0.744499981403351
2018-05-22,0.743990004062653
2018-05-23,0.747870028018951
2018-05-24,0.747189998626709
2018-05-27,0.751370012760162
2018-05-28,0.750999987125397
2018-05-29,0.754499971866608
2018-05-30,0.752810001373291
2018-05-31,0.75247997045517
2018-06-03,0.748700022697449
2018-06-04,0.75094997882843
2018-06-05,0.745930016040802
2018-06-06,0.745069980621338
2018-06-07,0.745199978351593
2018-06-10,0.745500028133392
2018-06-11,0.747699975967407
2018-06-12,0.74779999256134
2018-06-13,0.747229993343353
2018-06-14,0.75433999300003
2018-06-17,0.753289997577667
2018-06-18,0.754220008850098
2018-06-19,0.759109973907471
2018-06-20,0.75900000333786
2018-06-21,0.754840016365051
2018-06-24,0.754010021686554
2018-06-25,0.753099977970123
2018-06-26,0.756370007991791
2018-06-27,0.762170016765594
2018-06-28,0.764810025691986
2018-07-01,0.757130026817322
2018-07-02,0.760800004005432
2018-07-03,0.75789999961853
2018-07-04,0.755900025367737
2018-07-05,0.756099998950958
2018-07-08,0.751999974250793
2018-07-09,0.754400014877319
2018-07-10,0.754299998283386
2018-07-11,0.757000029087067
2018-07-12,0.758700013160706
2018-07-15,0.755990028381348
2018-07-16,0.755490005016327
2018-07-17,0.763000011444092
2018-07-18,0.764630019664764
2018-07-19,0.767870008945465
2018-07-22,0.76061999797821
2018-07-23,0.763199985027313
2018-07-24,0.760330021381378
2018-07-25,0.757600009441376
2018-07-26,0.762849986553192
2018-07-29,0.76266998052597
2018-07-30,0.761300027370453
2018-07-31,0.762099981307983
2018-08-01,0.761839985847473
2018-08-02,0.768159985542297
2018-08-05,0.769020020961761
2018-08-06,0.772499978542328
2018-08-07,0.77240002155304
2018-08-08,0.776300013065338
2018-08-09,0.779519975185394
2018-08-12,0.783770024776459
2018-08-13,0.783529996871948
2018-08-14,0.786300003528595
2018-08-15,0.787779986858368
2018-08-16,0.786499977111816
2018-08-19,0.784489989280701
2018-08-20,0.78099000453949
2018-08-21,0.77486002445221
2018-08-22,0.774909973144531
2018-08-23,0.780600011348724
2018-08-26,0.777549982070923
2018-08-27,0.775390028953552
2018-08-28,0.777140021324158
2018-08-29,0.767109990119934
2018-08-30,0.76858001947403
2018-09-02,0.773810029029846
2018-09-03,0.777059972286224
2018-09-04,0.777700006961823
2018-09-05,0.7742999792099
2018-09-06,0.773670017719269
2018-09-09,0.773379981517792
2018-09-10,0.767669975757599
2018-09-11,0.768310010433197
2018-09-12,0.766550004482269
2018-09-13,0.762700021266937
2018-09-16,0.764919996261597
2018-09-17,0.760670006275177
2018-09-18,0.759389996528625
2018-09-19,0.760969996452332
2018-09-20,0.753530025482178
2018-09-23,0.764500021934509
2018-09-24,0.762350022792816
2018-09-25,0.758729994297028
2018-09-26,0.759140014648438
2018-09-27,0.764599978923798
2018-09-30,0.766929984092712
2018-10-01,0.76665997505188
2018-10-02,0.770299971103668
2018-10-03,0.772759974002838
2018-10-04,0.767799973487854
2018-10-07,0.761780023574829
2018-10-08,0.763759970664978
2018-10-09,0.760049998760223
2018-10-10,0.757189989089966
2018-10-11,0.755620002746582
2018-10-14,0.763130009174347
2018-10-15,0.760179996490479
2018-10-16,0.75831001996994
2018-10-17,0.763100028038025
2018-10-18,0.767799973487854
2018-10-21,0.765380024909973
2018-10-22,0.771250009536743
2018-10-23,0.770340025424957
2018-10-24,0.77590000629425
2018-10-25,0.779749989509583
2018-10-29,0.779359996318817
2018-10-30,0.7810999751091
2018-10-31,0.786849975585938
2018-11-01,0.783119976520538
2018-11-02,0.769010007381439
2018-11-05,0.768899977207184
2018-11-06,0.765810012817383
2018-11-07,0.762629985809326
2018-11-08,0.761699974536896
2018-11-09,0.76529997587204
2018-11-12,0.772889971733093
2018-11-13,0.777729988098145
2018-11-14,0.768400013446808
2018-11-15,0.77004998922348
2018-11-16,0.78329998254776
2018-11-19,0.779229998588562
2018-11-20,0.777620017528534
2018-11-21,0.781910002231598
2018-11-22,0.782639980316162
2018-11-23,0.776639997959137
2018-11-26,0.780499994754791
2018-11-27,0.780499994754791
2018-11-28,0.784699976444244
2018-11-29,0.779779970645905
2018-11-30,0.78219997882843
2018-12-03,0.784099996089935
2018-12-04,0.785799980163574
2018-12-05,0.786130011081696
2018-12-06,0.785690009593964
2018-12-07,0.782559990882874
2018-12-10,0.786099970340729
2018-12-11,0.79610002040863
2018-12-12,0.800450026988983
2018-12-13,0.791849970817566
2018-12-14,0.790199995040894
2018-12-17,0.794560015201569
2018-12-18,0.792659997940063
2018-12-19,0.790199995040894
2018-12-20,0.791899979114532
2018-12-21,0.789279997348785
2018-12-24,0.790579974651337
2018-12-25,0.786729991436005
2018-12-26,0.788100004196167
2018-12-27,0.790589988231659
2018-12-28,0.790750026702881
2018-12-31,0.787800014019012
2019-01-01,0.785049974918365
2019-01-02,0.784049987792969
2019-01-03,0.798600018024445
2019-01-04,0.791840016841888
2019-01-07,0.785239994525909
2019-01-08,0.782100021839142
2019-01-09,0.785059988498688
2019-01-10,0.781270027160645
2019-01-11,0.784070014953613
2019-01-14,0.778219997882843
2019-01-15,0.776700019836426
2019-01-16,0.776870012283325
2019-01-17,0.776049971580505
2019-01-18,0.770179986953735
2019-01-21,0.777999997138977
2019-01-22,0.775690019130707
2019-01-23,0.771740019321442
2019-01-24,0.764400005340576
2019-01-25,0.762099981307983
2019-01-28,0.757089972496033
2019-01-29,0.759869992733002
2019-01-30,0.764500021934509
2019-01-31,0.762359976768494
2019-02-01,0.762809991836548
2019-02-04,0.764680027961731
2019-02-05,0.767400026321411
2019-02-06,0.771770000457764
2019-02-07,0.773129999637604
2019-02-08,0.77224999666214
2019-02-11,0.772989988327026
2019-02-12,0.777360022068024
2019-02-13,0.775669991970062
2019-02-14,0.777800023555756
2019-02-15,0.781350016593933
2019-02-18,0.77486002445221
2019-02-19,0.773750007152557
2019-02-20,0.765619993209839
2019-02-21,0.766569972038269
2019-02-22,0.766789972782135
2019-02-25,0.765370011329651
2019-02-26,0.761780023574829
2019-02-27,0.754260003566742
2019-02-28,0.750850021839142
2019-03-01,0.753870010375977
2019-03-04,0.755299985408783
2019-03-05,0.758809983730316
2019-03-06,0.760070025920868
2019-03-07,0.758599996566772
2019-03-08,0.763800024986267
2019-03-11,0.769919991493225
2019-03-12,0.754800021648407
2019-03-13,0.76529997587204
2019-03-14,0.752690017223358
2019-03-15,0.75423002243042
2019-03-18,0.752040028572083
2019-03-19,0.753899991512299
2019-03-20,0.753499984741211
2019-03-21,0.757269978523254
2019-03-22,0.76147997379303
2019-03-25,0.757200002670288
2019-03-26,0.756699979305267
2019-03-27,0.756919980049133
2019-03-28,0.760299980640411
2019-03-29,0.765900015830994
2019-03-31,0.767880022525787
2019-04-01,0.765169978141785
2019-04-02,0.761749982833862
2019-04-03,0.758899986743927
2019-04-04,0.764699995517731
2019-04-07,0.766979992389679
2019-04-08,0.765500009059906
2019-04-09,0.765860021114349
2019-04-10,0.76340001821518
2019-04-11,0.765929996967316
2019-04-14,0.764299988746643
2019-04-15,0.763199985027313
2019-04-16,0.766499996185303
2019-04-17,0.766910016536713
2019-04-18,0.769559979438782
2019-04-21,0.769599974155426
2019-04-22,0.770330011844635
2019-04-23,0.772909998893738
2019-04-24,0.774900019168854
2019-04-25,0.775430023670197
2019-04-28,0.773980021476746
2019-04-29,0.773249983787537
2019-04-30,0.766879975795746
2019-05-01,0.766099989414215
2019-05-02,0.767270028591156
2019-05-05,0.760420024394989
2019-05-06,0.76340001821518
2019-05-07,0.765179991722107
2019-05-08,0.768519997596741
2019-05-09,0.768660008907318
2019-05-12,0.768599987030029
2019-05-13,0.771420001983643
2019-05-14,0.774800002574921
2019-05-15,0.77836000919342
2019-05-16,0.781390011310577
2019-05-19,0.785449981689453
2019-05-20,0.785600006580353
2019-05-22,0.789629995822906
2019-05-23,0.789600014686584
2019-05-26,0.785870015621185
2019-05-27,0.788500010967255
2019-05-28,0.789910018444061
2019-05-29,0.791800022125244
2019-05-30,0.793039977550507
2019-06-02,0.791170001029968
2019-06-03,0.789629995822906
2019-06-04,0.787230014801025
2019-06-05,0.788110017776489
2019-06-06,0.787500023841858
2019-06-09,0.785979986190796
2019-06-10,0.787949979305267
2019-06-11,0.785889983177185
2019-06-12,0.787810027599335
2019-06-13,0.788640022277832
2019-06-16,0.793900012969971
2019-06-17,0.797349989414215
2019-06-18,0.795759975910187
2019-06-19,0.79009997844696
2019-06-20,0.786909997463226
2019-06-23,0.784259974956512
2019-06-24,0.784950017929077
2019-06-25,0.787980020046234
2019-06-26,0.787500023841858
2019-06-27,0.788800001144409
2019-06-30,0.787739992141724
2019-07-01,0.790849983692169
2019-07-02,0.793760001659393
2019-07-03,0.79474002122879
2019-07-04,0.794719994068146
2019-07-07,0.798370003700256
2019-07-08,0.798950016498566
2019-07-09,0.80265998840332
2019-07-10,0.799480020999908
2019-07-11,0.798500001430511
2019-07-14,0.795419991016388
2019-07-15,0.798849999904633
2019-07-16,0.805670022964478
2019-07-17,0.804199993610382
2019-07-18,0.797330021858215
2019-07-21,0.799179971218109
2019-07-22,0.801609992980957
2019-07-23,0.803919970989227
2019-07-24,0.800899982452393
2019-07-25,0.802990019321442
2019-07-28,0.807969987392426
2019-07-29,0.818499982357025
2019-07-30,0.822260022163391
2019-07-31,0.822790026664734
2019-08-01,0.824790000915527
2019-08-04,0.822899997234344
2019-08-05,0.822489976882935
2019-08-06,0.821709990501404
2019-08-07,0.823499977588654
2019-08-08,0.823469996452332
2019-08-11,0.831809997558594
2019-08-12,0.827899992465973
2019-08-13,0.82889997959137
2019-08-14,0.82915997505188
2019-08-15,0.827019989490509
2019-08-18,0.822300016880035
2019-08-19,0.824299991130829
2019-08-20,0.822210013866425
2019-08-21,0.824249982833862
2019-08-22,0.816200017929077
2019-08-25,0.815500020980835
2019-08-26,0.818199992179871
2019-08-27,0.81411999464035
2019-08-28,0.818430006504059
2019-08-29,0.820580005645752
2019-09-01,0.822420001029968
2019-09-02,0.82872998714447
2019-09-03,0.827099978923798
2019-09-04,0.816399991512299
2019-09-05,0.811429977416992
2019-09-08,0.814130008220673
2019-09-09,0.81002002954483
2019-09-10,0.809400022029877
2019-09-11,0.810720026493073
2019-09-12,0.811070024967194
2019-09-15,0.800170004367828
2019-09-16,0.80460000038147
2019-09-17,0.79983001947403
2019-09-18,0.801890015602112
2019-09-19,0.798399984836578
2019-09-22,0.801800012588501
2019-09-23,0.804210007190704
2019-09-24,0.800899982452393
2019-09-25,0.8090900182724
2019-09-26,0.810899972915649
2019-09-29,0.813459992408752
2019-09-30,0.813669979572296
2019-10-01,0.813520014286041
2019-10-02,0.812720000743866
2019-10-03,0.810220003128052
2019-10-06,0.810739994049072
2019-10-07,0.813799977302551
2019-10-08,0.818359971046448
2019-10-09,0.81879997253418
2019-10-10,0.804300010204315
2019-10-13,0.792455971240997
2019-10-14,0.792909979820251
2019-10-15,0.783659994602203
2019-10-16,0.779799997806549
2019-10-17,0.77708500623703
2019-10-20,0.775179982185364
2019-10-21,0.770910024642944
2019-10-22,0.776109993457794
2019-10-23,0.773800015449524
2019-10-24,0.778800010681152
2019-10-28,0.779299974441528
2019-10-29,0.777760028839111
2019-10-30,0.777199983596802
2019-10-31,0.775089979171753
2019-11-01,0.772819995880127
2019-11-04,0.77293998003006
2019-11-05,0.775699973106384
2019-11-06,0.776359975337982
2019-11-07,0.777800023555756
2019-11-08,0.782473027706146
2019-11-11,0.781470000743866
2019-11-12,0.777700006961823
2019-11-13,0.778079986572266
2019-11-14,0.777980029582977
2019-11-15,0.776289999485016
2019-11-18,0.773919999599457
2019-11-19,0.772149980068207
2019-11-20,0.773424983024597
2019-11-21,0.773570001125336
2019-11-22,0.773999989032745
2019-11-25,0.777999997138977
2019-11-26,0.775359988212585
2019-11-27,0.777549982070923
2019-11-28,0.773400008678436
2019-11-29,0.774420022964478
2019-12-02,0.774420022964478
2019-12-03,0.772759974002838
2019-12-04,0.76936000585556
2019-12-05,0.762700021266937
2019-12-06,0.759970009326935
2019-12-09,0.761059999465942
2019-12-10,0.760699987411499
2019-12-11,0.761539995670319
2019-12-12,0.757570028305054
2019-12-13,0.74210000038147
2019-12-16,0.74888002872467
2019-12-17,0.753440022468567
2019-12-18,0.762070000171661
2019-12-19,0.764100015163422
2019-12-20,0.768199980258942
2019-12-23,0.768909990787506
2019-12-24,0.772499978542328
2019-12-25,0.773100018501282
2019-12-26,0.770799994468689
2019-12-27,0.76910001039505
2019-12-30,0.763830006122589
2019-12-31,0.762600004673004
2020-01-01,0.754000008106232
2020-01-02,0.754700005054474
2020-01-03,0.760299980640411
2020-01-06,0.764519989490509
2020-01-07,0.759299993515015
2020-01-08,0.76256000995636
2020-01-09,0.763059973716736
2020-01-10,0.765100002288818
2020-01-13,0.766539990901947
2020-01-14,0.769930005073547
2020-01-15,0.767899990081787
2020-01-16,0.766799986362457
2020-01-17,0.764599978923798
2020-01-20,0.768800020217896
2020-01-21,0.768899977207184
2020-01-22,0.76639997959137
2020-01-23,0.760760009288788
2020-01-24,0.762199997901917
2020-01-27,0.765590012073517
2020-01-28,0.76569002866745
2020-01-29,0.767780005931854
2020-01-30,0.767929971218109
2020-01-31,0.763999998569489
2020-02-03,0.758629977703094
2020-02-04,0.76937997341156
2020-02-05,0.767300009727478
2020-02-06,0.769400000572205
2020-02-07,0.773379981517792
2020-02-10,0.775699973106384
2020-02-11,0.774100005626678
2020-02-12,0.771809995174408
2020-02-13,0.771749973297119
2020-02-14,0.766470015048981
2020-02-17,0.766110002994537
2020-02-18,0.768700003623962
2020-02-19,0.76910001039505
2020-02-20,0.773500025272369
2020-02-21,0.776199996471405
2020-02-24,0.771979987621307
2020-02-25,0.773599982261658
2020-02-26,0.769029974937439
2020-02-27,0.774779975414276
2020-02-28,0.775860011577606
2020-03-02,0.78082001209259
2020-03-03,0.783259987831116
2020-03-04,0.779980003833771
2020-03-05,0.776700019836426
2020-03-06,0.772159993648529
2020-03-09,0.76340001821518
2020-03-10,0.764800012111664
2020-03-11,0.774609982967377
2020-03-12,0.780139982700348
2020-03-13,0.795530021190643
2020-03-16,0.806460022926331
2020-03-17,0.81521999835968
2020-03-18,0.824970006942749
2020-03-19,0.860189974308014
2020-03-20,0.869989991188049
2020-03-23,0.860360026359558
2020-03-24,0.862399995326996
2020-03-25,0.848029971122742
2020-03-26,0.843800008296967
2020-03-27,0.819630026817322
2020-03-29,0.803007006645203
2020-03-30,0.808300018310547
2020-03-31,0.805899977684021
2020-04-01,0.807600021362305
2020-04-02,0.806779980659485
2020-04-05,0.818319976329803
2020-04-06,0.816959977149963
2020-04-07,0.810459971427917
2020-04-08,0.806900024414062
2020-04-09,0.802900016307831
2020-04-12,0.802500009536743
2020-04-13,0.79847002029419
2020-04-14,0.791999995708466
2020-04-15,0.798659980297089
2020-04-16,0.80077999830246
2020-04-19,0.800800025463104
2020-04-20,0.803680002689362
2020-04-21,0.813099980354309
2020-04-22,0.811429977416992
2020-04-23,0.809570014476776
2020-04-26,0.808629989624023
2020-04-27,0.804979979991913
2020-04-28,0.804139971733093
2020-04-29,0.801829993724823
2020-04-30,0.794820010662079
2020-05-03,0.802940011024475
2020-05-04,0.80349999666214
2020-05-05,0.803587019443512
2020-05-06,0.811320006847382
2020-05-07,0.808019995689392
2020-05-10,0.805320024490356
2020-05-11,0.810800015926361
2020-05-12,0.815999984741211
2020-05-13,0.816890001296997
2020-05-14,0.817399978637695
2020-05-17,0.827419996261597
2020-05-18,0.819670021533966
2020-05-19,0.815930008888245
2020-05-20,0.817200005054474
2020-05-21,0.818099975585938
2020-05-24,0.820609986782074
2020-05-25,0.819580018520355
2020-05-26,0.810699999332428
2020-05-27,0.815339982509613
2020-05-28,0.811590015888214
2020-05-31,0.809848010540009
2020-06-01,0.800830006599426
2020-06-02,0.794820010662079
2020-06-03,0.795220017433167
2020-06-04,0.793079972267151
2020-06-07,0.785809993743896
2020-06-08,0.78522002696991
2020-06-09,0.786700010299683
2020-06-10,0.786740005016327
2020-06-11,0.795099973678589
2020-06-14,0.799440026283264
2020-06-15,0.791279971599579
2020-06-16,0.794589996337891
2020-06-17,0.796639978885651
2020-06-18,0.80470997095108
2020-06-21,0.809840023517609
2020-06-22,0.799899995326996
2020-06-23,0.798409998416901
2020-06-24,0.805610001087189
2020-06-25,0.804799973964691
2020-06-28,0.810230016708374
2020-06-29,0.812309980392456
2020-06-30,0.80715000629425
2020-07-01,0.802259981632233
2020-07-02,0.8021559715271
2020-07-05,0.801569998264313
2020-07-06,0.800289988517761
2020-07-07,0.797269999980927
2020-07-08,0.792800009250641
2020-07-09,0.793330013751984
2020-07-12,0.791921973228455
2020-07-13,0.79670000076294
2020-07-14,0.795589983463287
2020-07-15,0.794218003749847
2020-07-16,0.796209990978241
2020-07-19,0.795469999313354
2020-07-20,0.789780020713806
2020-07-21,0.78549998998642
2020-07-22,0.785549998283386
2020-07-23,0.78549998998642
2020-07-26,0.781499981880188
2020-07-27,0.77581000328064
2020-07-28,0.773769974708557
2020-07-29,0.770269989967346
2020-07-30,0.762319982051849
2020-08-02,0.763260006904602
2020-08-03,0.764599978923798
2020-08-04,0.764169991016388
2020-08-05,0.761799991130829
2020-08-06,0.761150002479553
2020-08-09,0.766149997711182
2020-08-10,0.764689981937408
2020-08-11,0.766240000724792
2020-08-12,0.76639997959137
2020-08-13,0.765079975128174
2020-08-16,0.762951016426086
2020-08-17,0.762899994850159
2020-08-18,0.75449001789093
2020-08-19,0.762730002403259
2020-08-20,0.756410002708435
2020-08-23,0.763700008392334
2020-08-24,0.765030026435852
2020-08-25,0.760330021381378
2020-08-26,0.756439983844757
2020-08-27,0.757600009441376
2020-08-30,0.748700022697449
2020-08-31,0.748250007629395
2020-09-01,0.746299982070923
2020-09-02,0.748989999294281
2020-09-03,0.754019975662231
2020-09-06,0.754960000514984
2020-09-07,0.759750008583069
2020-09-08,0.771099984645844
2020-09-09,0.769280016422272
2020-09-10,0.780744016170502
2020-09-13,0.780849993228912
2020-09-14,0.778230011463165
2020-09-15,0.776109993457794
2020-09-16,0.771605014801025
2020-09-17,0.770680010318756
2020-09-20,0.773230016231537
2020-09-21,0.77999997138977
2020-09-22,0.784680008888245
2020-09-23,0.786319971084595
2020-09-24,0.783879995346069
2020-09-27,0.78328001499176
2020-09-28,0.776790022850037
2020-09-29,0.777209997177124
2020-09-30,0.774140000343323
2020-10-01,0.776019990444183
2020-10-04,0.773329973220825
2020-10-05,0.769670009613037
2020-10-06,0.776199996471405
2020-10-07,0.774140000343323
2020-10-08,0.77276998758316
2020-10-11,0.767359972000122
2020-10-12,0.765359997749329
2020-10-13,0.773079991340637
2020-10-14,0.768499970436096
2020-10-15,0.775070011615753
2020-10-18,0.773530006408691
2020-10-19,0.772279977798462
2020-10-20,0.771960020065308
2020-10-21,0.761500000953674
2020-10-22,0.764639973640442
2020-10-26,0.766009986400604
2020-10-27,0.768299996852875
2020-10-28,0.767350018024445
2020-10-29,0.769829988479614
2020-10-30,0.773280024528503
2020-11-02,0.77359002828598
2020-11-03,0.77376002073288
2020-11-04,0.762099981307983
2020-11-05,0.771200001239777
2020-11-06,0.761070013046265
2020-11-09,0.758689999580383
2020-11-10,0.759320020675659
2020-11-11,0.754059970378876
2020-11-12,0.756190001964569
2020-11-13,0.762099981307983
2020-11-16,0.756399989128113
2020-11-17,0.756309986114502
2020-11-18,0.754199981689453
2020-11-19,0.754350006580353
2020-11-20,0.754760026931763
2020-11-23,0.751590013504028
2020-11-24,0.75024002790451
2020-11-25,0.748319983482361
2020-11-26,0.747080028057098
2020-11-27,0.748809993267059
2020-11-30,0.750079989433289
2020-12-01,0.749800026416779
2020-12-02,0.745010018348694
2020-12-03,0.747900009155273
2020-12-04,0.743219971656799
2020-12-07,0.745299994945526
2020-12-08,0.748650014400482
2020-12-09,0.748189985752106
2020-12-10,0.748109996318817
2020-12-11,0.751559972763062
2020-12-14,0.750850021839142
2020-12-15,0.750140011310577
2020-12-16,0.743799984455109
2020-12-17,0.740580022335052
2020-12-18,0.736909985542297
2020-12-21,0.746159970760345
2020-12-22,0.743520021438599
2020-12-23,0.746299982070923
2020-12-24,0.740450024604797
2020-12-25,0.737897992134094
2020-12-28,0.736790001392365
2020-12-29,0.742609977722168
2020-12-30,0.740746021270752
2020-12-31,0.733640015125275
2021-01-01,0.731368005275726
2021-01-04,0.730769991874695
2021-01-05,0.736832976341248
2021-01-06,0.733699977397919
2021-01-07,0.733929991722107
2021-01-08,0.736940026283264
2021-01-11,0.739849984645844
2021-01-12,0.739419996738434
2021-01-13,0.731500029563904
2021-01-14,0.732640027999878
2021-01-15,0.730799973011017
2021-01-18,0.736630022525787
2021-01-19,0.736310005187988
2021-01-20,0.732909977436066
2021-01-21,0.731610000133514
2021-01-22,0.728359997272491
2021-01-25,0.730556011199951
2021-01-26,0.731047987937927
2021-01-27,0.727720022201538
2021-01-28,0.731559991836548
2021-01-29,0.728596985340118
2021-02-01,0.730050027370453
2021-02-02,0.731060028076172
2021-02-03,0.732100009918213
2021-02-04,0.732649981975555
2021-02-05,0.731199979782104
2021-02-08,0.727869987487793
2021-02-09,0.727500021457672
2021-02-10,0.723694026470184
2021-02-11,0.722930014133453
2021-02-12,0.72409999370575
2021-02-15,0.720899999141693
2021-02-16,0.718659996986389
2021-02-17,0.720040023326874
2021-02-18,0.721170008182526
2021-02-19,0.715950012207031
2021-02-22,0.712700009346008
2021-02-23,0.710669994354248
2021-02-24,0.708199977874756
2021-02-25,0.706799983978271
2021-02-26,0.713869988918304
2021-03-01,0.715690016746521
2021-03-02,0.717899978160858
2021-03-03,0.716589987277985
2021-03-04,0.718029975891113
2021-03-05,0.719730019569397
2021-03-08,0.721830010414124
2021-03-09,0.723399996757507
2021-03-10,0.719919979572296
2021-03-11,0.71780002117157
2021-03-12,0.714800000190735
2021-03-15,0.717899978160858
2021-03-16,0.719470024108887
2021-03-17,0.719309985637665
2021-03-18,0.715520024299622
2021-03-19,0.718129992485046
2021-03-22,0.722930014133453
2021-03-23,0.721369981765747
2021-03-24,0.728309988975525
2021-03-25,0.730520009994507
2021-03-26,0.72732001543045
2021-03-28,0.725109994411469
2021-03-29,0.725950002670288
2021-03-30,0.727450013160706
2021-03-31,0.725359976291656
2021-04-01,0.722800016403198
2021-04-04,0.72299998998642
2021-04-05,0.718699991703033
2021-04-06,0.72299998998642
2021-04-07,0.72759997844696
2021-04-08,0.728100001811981
2021-04-11,0.7292799949646
2021-04-12,0.727069973945618
2021-04-13,0.726760029792786
2021-04-14,0.725730001926422
2021-04-15,0.725399971008301
2021-04-18,0.72367000579834
2021-04-19,0.714600026607513
2021-04-20,0.717419981956482
2021-04-21,0.717779994010925
2021-04-22,0.722530007362366
2021-04-25,0.721170008182526
2021-04-26,0.719649970531464
2021-04-27,0.719240009784698
2021-04-28,0.716499984264374
2021-04-29,0.71670001745224
2021-05-02,0.723599970340729
2021-05-03,0.719229996204376
2021-05-04,0.720040023326874
2021-05-05,0.718919992446899
2021-05-06,0.719500005245209
2021-05-09,0.712189972400665
2021-05-10,0.707650005817413
2021-05-11,0.707300007343292
2021-05-12,0.711049973964691
2021-05-13,0.711700022220612
2021-05-16,0.709129989147186
2021-05-17,0.706780016422272
2021-05-18,0.704819977283478
2021-05-19,0.70890998840332
2021-05-20,0.704940021038055
2021-05-23,0.707069993019104
2021-05-24,0.706409990787506
2021-05-25,0.707019984722137
2021-05-26,0.708410024642944
2021-05-27,0.704039990901947
2021-05-30,0.705200016498566
2021-05-31,0.702899992465973
2021-06-01,0.70635998249054
2021-06-02,0.705619990825653
2021-06-03,0.708720028400421
2021-06-06,0.705999970436096
2021-06-07,0.705389976501465
2021-06-08,0.706719994544983
2021-06-09,0.708599984645844
2021-06-10,0.705709993839264
2021-06-13,0.708249986171722
2021-06-14,0.708720028400421
2021-06-15,0.710150003433228
2021-06-16,0.714760005474091
2021-06-17,0.717429995536804
2021-06-20,0.723739981651306
2021-06-21,0.718111991882324
2021-06-22,0.716849982738495
2021-06-23,0.715950012207031
2021-06-24,0.718550026416779
2021-06-27,0.71968001127243
2021-06-28,0.720510005950928
2021-06-29,0.722400009632111
2021-06-30,0.723110020160675
2021-07-01,0.726769983768463
2021-07-04,0.72299998998642
2021-07-05,0.721700012683868
2021-07-06,0.72434002161026
2021-07-07,0.724579989910126
2021-07-08,0.725120007991791
2021-07-11,0.719449996948242
2021-07-12,0.720099985599518
2021-07-13,0.724319994449615
2021-07-14,0.721599996089935
2021-07-15,0.723079979419708
2021-07-18,0.72654002904892
2021-07-19,0.731530010700226
2021-07-20,0.733500003814697
2021-07-21,0.729179978370667
2021-07-22,0.726010978221893
2021-07-25,0.726859986782074
2021-07-26,0.723110020160675
2021-07-27,0.720319986343384
2021-07-28,0.719070017337799
2021-07-29,0.716109991073608
2021-08-01,0.719619989395142
2021-08-02,0.719799995422363
2021-08-03,0.718500018119812
2021-08-04,0.719919979572296
2021-08-05,0.717999994754791
2021-08-08,0.72105997800827
2021-08-09,0.722069978713989
2021-08-10,0.722750008106232
2021-08-11,0.721140027046204
2021-08-12,0.724030017852783
2021-08-15,0.721300005912781
2021-08-16,0.722400009632111
2021-08-17,0.727779984474182
2021-08-18,0.72759997844696
2021-08-19,0.733630001544952
2021-08-22,0.733929991722107
2021-08-23,0.72860997915268
2021-08-24,0.728569984436035
2021-08-25,0.726400017738342
2021-08-26,0.72979998588562
2021-08-29,0.726585984230042
2021-08-30,0.726719975471497
2021-08-31,0.727092981338501
2021-09-01,0.72613000869751
2021-09-02,0.722710013389587
2021-09-05,0.721539974212646
2021-09-06,0.72257000207901
2021-09-07,0.7257000207901
2021-09-08,0.726339995861053
2021-09-09,0.722559988498688
2021-09-12,0.722500026226044
2021-09-13,0.722639977931976
2021-09-14,0.72409999370575
2021-09-15,0.722079992294312
2021-09-16,0.724794983863831
2021-09-19,0.728349983692169
2021-09-20,0.731920003890991
2021-09-21,0.732200026512146
2021-09-22,0.734369993209839
2021-09-23,0.728730022907257
2021-09-26,0.731580018997192
2021-09-27,0.729839980602264
2021-09-28,0.738430023193359
2021-09-29,0.744799971580505
2021-09-30,0.742399990558624
2021-10-03,0.736869990825653
2021-10-04,0.734889984130859
2021-10-05,0.733799993991852
2021-10-06,0.735719978809357
2021-10-07,0.73420000076294
2021-10-10,0.734399974346161
2021-10-11,0.73580002784729
2021-10-12,0.736440002918243
2021-10-13,0.73157000541687
2021-10-14,0.73158997297287
2021-10-17,0.726660013198853
2021-10-18,0.727989971637726
2021-10-19,0.724995017051697
2021-10-20,0.723432004451752
2021-10-21,0.725099980831146
2021-10-24,0.726599991321564
2021-10-25,0.726509988307953
2021-10-26,0.726419985294342
2021-10-27,0.72817999124527
2021-10-28,0.72460001707077
2021-11-01,0.730820000171661
2021-11-02,0.732309997081757
2021-11-03,0.734354972839355
2021-11-04,0.730199992656708
2021-11-05,0.740269005298615
2021-11-08,0.741219997406006
2021-11-09,0.737218022346497
2021-11-10,0.737462997436523
2021-11-11,0.745559990406036
2021-11-12,0.748139977455139
2021-11-15,0.745320022106171
2021-11-16,0.745800018310547
2021-11-17,0.744899988174438
2021-11-18,0.741199970245361
2021-11-19,0.740760028362274
2021-11-22,0.744350016117096
2021-11-23,0.746399998664856
2021-11-24,0.747609972953796
2021-11-25,0.7501500248909
2021-11-26,0.751079976558685
2021-11-29,0.74957001209259
2021-11-30,0.751030027866364
2021-12-01,0.752110004425049
2021-12-02,0.753012001514435
2021-12-03,0.751879990100861
2021-12-06,0.75543999671936
2021-12-07,0.753899991512299
2021-12-08,0.75493997335434
2021-12-09,0.757000029087067
2021-12-10,0.756200015544891
2021-12-13,0.754310011863708
2021-12-14,0.7567999958992
2021-12-15,0.755828976631165
2021-12-16,0.75397002696991
2021-12-17,0.750540018081665
2021-12-20,0.755890011787415
2021-12-21,0.757001996040344
2021-12-22,0.753600001335144
2021-12-23,0.748950004577637
2021-12-24,0.745899975299835
2021-12-27,0.746029019355774
2021-12-28,0.743900001049042
2021-12-29,0.744419991970062
2021-12-30,0.740806996822357
2021-12-31,0.74083000421524
2022-01-03,0.739520013332367
2022-01-04,0.741659998893738
2022-01-05,0.739019989967346
2022-01-06,0.73769998550415
2022-01-07,0.738900005817413
2022-01-10,0.735710024833679
2022-01-11,0.736360013484955
2022-01-12,0.733500003814697
2022-01-13,0.729394972324371
2022-01-14,0.729200005531311
2022-01-17,0.731339991092682
2022-01-18,0.732707977294922
2022-01-19,0.735279977321625
2022-01-20,0.734830021858215
2022-01-21,0.735419988632202
2022-01-24,0.737689971923828
2022-01-25,0.741330027580261
2022-01-26,0.740149974822998
2022-01-27,0.742500007152557
2022-01-28,0.746919989585876
2022-01-31,0.746079981327057
2022-02-01,0.743749976158142
2022-02-02,0.739350020885468
2022-02-03,0.737190008163452
2022-02-04,0.735379993915558
2022-02-07,0.738910019397736
2022-02-08,0.738672018051147
2022-02-09,0.738139986991882
2022-02-10,0.738919973373413
2022-02-11,0.737909972667694
2022-02-14,0.736940026283264
2022-02-15,0.738940000534058
2022-02-16,0.738489985466003
2022-02-17,0.736109972000122
2022-02-18,0.734279990196228
2022-02-21,0.73565000295639
2022-02-22,0.735509991645813
2022-02-23,0.735870003700256
2022-02-24,0.738240003585815
2022-02-25,0.747759997844696
2022-02-28,0.747759997844696
2022-03-01,0.745000004768372
2022-03-02,0.749899983406067
2022-03-03,0.7464399933815
2022-03-04,0.749010026454926
2022-03-07,0.756860017776489
2022-03-08,0.762642979621887
2022-03-09,0.76340001821518
2022-03-10,0.758400022983551
2022-03-11,0.763170003890991
2022-03-14,0.766265988349915
2022-03-15,0.768530011177063
2022-03-16,0.76648998260498
2022-03-17,0.760969996452332
2022-03-18,0.759854972362518
2022-03-21,0.759829998016357
2022-03-22,0.759400010108948
2022-03-23,0.753780007362366
2022-03-24,0.75722998380661
2022-03-25,0.757820010185242
2022-03-27,0.758939981460571
2022-03-28,0.763149976730347
2022-03-29,0.763719975948334
2022-03-30,0.761099994182587
2022-03-31,0.760630011558533
2022-04-03,0.763140022754669
2022-04-04,0.762510001659393
2022-04-05,0.764680027961731
2022-04-06,0.764989972114563
2022-04-07,0.765150010585785
2022-04-10,0.7673299908638
2022-04-11,0.767799973487854
2022-04-12,0.769079983234406
2022-04-13,0.762179970741272
2022-04-14,0.765110015869141
2022-04-17,0.765839993953705
2022-04-18,0.768649995326996
2022-04-19,0.768419981002808
2022-04-20,0.765179991722107
2022-04-21,0.767679989337921
2022-04-24,0.779370009899139
2022-04-25,0.784929990768433
2022-04-26,0.794659972190857
2022-04-27,0.797330021858215
2022-04-28,0.802320003509521
2022-05-01,0.795300006866455
2022-05-02,0.80010998249054
2022-05-03,0.799974024295807
2022-05-04,0.792509973049164
2022-05-05,0.808790028095245
2022-05-08,0.81124997138977
2022-05-09,0.81045001745224
2022-05-10,0.812399983406067
2022-05-11,0.817380011081696
2022-05-12,0.819260001182556
2022-05-15,0.815760016441345
2022-05-16,0.811370015144348
2022-05-17,0.800999999046326
2022-05-18,0.809989988803864
2022-05-19,0.802429974079132
2022-05-22,0.799740016460419
2022-05-23,0.795700013637543
2022-05-24,0.797259986400604
2022-05-25,0.794526994228363
2022-05-26,0.79255998134613
2022-05-29,0.79186999797821
2022-05-30,0.790700018405914
2022-05-31,0.793089985847473
2022-06-01,0.801079988479614
2022-06-02,0.794960021972656
2022-06-05,0.800493001937866
2022-06-06,0.798500001430511
2022-06-07,0.794449985027313
2022-06-08,0.797429978847504
2022-06-09,0.800450026988983
2022-06-12,0.814670026302338
2022-06-13,0.823400020599365
2022-06-14,0.832459986209869
2022-06-15,0.821399986743927
2022-06-16,0.809400022029877
2022-06-19,0.817780017852783
2022-06-20,0.816209971904755
2022-06-21,0.81521999835968
2022-06-22,0.816269993782043
2022-06-23,0.815609991550446
2022-06-26,0.814170002937317
2022-06-27,0.815169990062714
2022-06-28,0.820360004901886
2022-06-29,0.824280023574829
2022-06-30,0.822309970855713
2022-07-03,0.826259970664978
2022-07-04,0.825460016727448
2022-07-05,0.836880028247833
2022-07-06,0.838699996471405
2022-07-07,0.831390023231506
2022-07-10,0.832180023193359
2022-07-11,0.840269982814789
2022-07-12,0.841910004615784
2022-07-13,0.842899978160858
2022-07-14,0.844619989395142
2022-07-17,0.841159999370575
2022-07-18,0.836939990520477
2022-07-19,0.833090007305145
2022-07-20,0.835300028324127
2022-07-21,0.833599984645844
2022-07-24,0.834240019321442
2022-07-25,0.829519987106323
2022-07-26,0.830780029296875
2022-07-27,0.822160005569458
2022-07-28,0.821460008621216
2022-07-31,0.821870028972626
2022-08-01,0.816049993038177
2022-08-02,0.823520004749298
2022-08-03,0.823840022087097
2022-08-04,0.822470009326935
2022-08-07,0.829219996929169
2022-08-08,0.827489972114563
2022-08-09,0.82820999622345
2022-08-10,0.81879997253418
2022-08-11,0.819930016994476
2022-08-14,0.824540019035339
2022-08-15,0.82940000295639
2022-08-16,0.826569974422455
2022-08-17,0.830209970474243
2022-08-18,0.838029980659485
2022-08-21,0.846159994602203
2022-08-22,0.849870026111603
2022-08-23,0.84510999917984
2022-08-24,0.848049998283386
2022-08-25,0.845736980438232
2022-08-28,0.855099976062775
2022-08-29,0.853060007095337
2022-08-30,0.857649981975555
2022-08-31,0.86217999458313
2022-09-01,0.865880012512207
2022-09-04,0.871490001678467
2022-09-05,0.864570021629333
2022-09-06,0.868669986724854
2022-09-07,0.868070006370544
2022-09-08,0.867935001850128
2022-09-11,0.860629975795746
2022-09-12,0.855449974536896
2022-09-13,0.869099974632263
2022-09-14,0.866180002689362
2022-09-15,0.873160004615784
2022-09-18,0.874650001525879
2022-09-19,0.87388002872467
2022-09-20,0.878690004348755
2022-09-21,0.888419985771179
2022-09-22,0.887769997119904
2022-09-25,0.926150023937225
2022-09-26,0.928260028362274
2022-09-27,0.932179987430573
2022-09-28,0.922850012779236
2022-09-29,0.895299971103668
2022-10-02,0.897620022296906
2022-10-03,0.882290005683899
2022-10-04,0.873260021209717
2022-10-05,0.880639970302582
2022-10-06,0.8958899974823
2022-10-09,0.90311998128891
2022-10-10,0.902819991111755
2022-10-11,0.911759972572327
2022-10-12,0.900449991226196
2022-10-13,0.884649991989136
2022-10-16,0.88934999704361
2022-10-17,0.880750000476837
2022-10-18,0.881500005722046
2022-10-19,0.891979992389679
2022-10-20,0.891149997711182
2022-10-23,0.881470024585724
2022-10-24,0.884350001811981
2022-10-25,0.87243002653122
2022-10-26,0.859239995479584
2022-10-27,0.864600002765656
2022-10-31,0.862370014190674
2022-11-01,0.871980011463165
2022-11-02,0.870360016822815
2022-11-03,0.878400027751923
2022-11-04,0.895160019397736
2022-11-07,0.88248997926712
2022-11-08,0.868210017681122
2022-11-09,0.865599989891052
2022-11-10,0.879649996757507
2022-11-11,0.855019986629486
2022-11-14,0.847519993782043
2022-11-15,0.85088300704956
2022-11-16,0.84171998500824
2022-11-17,0.83925998210907
2022-11-18,0.843159973621368
2022-11-21,0.841300010681152
2022-11-22,0.845480024814606
2022-11-23,0.840719997882843
2022-11-24,0.828260004520416
2022-11-25,0.825529992580414
2022-11-28,0.82955002784729
2022-11-29,0.836099982261658
2022-11-30,0.83704000711441
2022-12-01,0.827986001968384
2022-12-02,0.815710008144379
2022-12-05,0.81318998336792
2022-12-06,0.820179998874664
2022-12-07,0.824198007583618
2022-12-08,0.818840026855469
2022-12-09,0.817260026931763
2022-12-12,0.817049980163574
2022-12-13,0.814939975738525
2022-12-14,0.809279978275299
2022-12-15,0.805190026760101
2022-12-16,0.82039999961853
2022-12-19,0.822350025177002
2022-12-20,0.822820007801056
2022-12-21,0.82039999961853
2022-12-22,0.827992975711823
2022-12-23,0.830569982528687
2022-12-26,0.829186975955963
2022-12-27,0.827530026435852
2022-12-28,0.831439971923828
2022-12-29,0.83135998249054
2022-12-30,0.829439997673035
2023-01-02,0.82506000995636
2023-01-03,0.82898998260498
2023-01-04,0.83543998003006
2023-01-05,0.829389989376068
2023-01-06,0.839470028877258
2023-01-09,0.825330018997192
2023-01-10,0.820689976215363
2023-01-11,0.822740018367767
2023-01-12,0.822399973869324
2023-01-13,0.818480014801025
2023-01-16,0.817879974842072
2023-01-17,0.819149971008301
2023-01-18,0.814019978046417
2023-01-19,0.809870004653931
2023-01-20,0.80689001083374
2023-01-23,0.806039988994598
2023-01-24,0.807770013809204
2023-01-25,0.811079978942871
2023-01-26,0.805639982223511
2023-01-27,0.805459976196289
2023-01-30,0.806432008743286
2023-01-31,0.809480011463165
2023-02-01,0.812420010566711
2023-02-02,0.807099997997284
2023-02-03,0.818130016326904
2023-02-06,0.830209970474243
2023-02-07,0.831480026245117
2023-02-08,0.829559981822968
2023-02-09,0.828400015830994
2023-02-10,0.825299978256226
2023-02-13,0.82972002029419
2023-02-14,0.822899997234344
2023-02-15,0.821399986743927
2023-02-16,0.830579996109009
2023-02-17,0.835049986839294
2023-02-20,0.831269979476929
2023-02-21,0.830619990825653
2023-02-22,0.825810015201569
2023-02-23,0.829879999160767
2023-02-24,0.832099974155426
2023-02-27,0.836650013923645
2023-02-28,0.829079985618591
2023-03-01,0.831009984016418
2023-03-02,0.831260025501251
2023-03-03,0.836709976196289
2023-03-06,0.83135998249054
2023-03-07,0.831499993801117
2023-03-08,0.845470011234283
2023-03-09,0.843869984149933
2023-03-10,0.838750004768372
2023-03-13,0.827859997749329
2023-03-14,0.821600019931793
2023-03-15,0.822899997234344
2023-03-16,0.828549981117249
2023-03-17,0.82573002576828
2023-03-20,0.820500016212463
2023-03-21,0.814580023288727
2023-03-22,0.817990005016327
2023-03-23,0.814350008964539
2023-03-24,0.814230024814606
2023-03-26,0.816592991352081
2023-03-27,0.81317001581192
2023-03-28,0.810999989509583
2023-03-29,0.812110006809235
2023-03-30,0.807280004024506
2023-04-02,0.813870012760162
2023-04-03,0.804949998855591
2023-04-04,0.800100028514862
2023-04-05,0.802370011806488
2023-04-06,0.803923010826111
2023-04-09,0.804400026798248
2023-04-10,0.806959986686707
2023-04-11,0.804440021514893
2023-04-12,0.800469994544983
2023-04-13,0.798384010791779
2023-04-16,0.806439995765686
2023-04-17,0.808049976825714
2023-04-18,0.804799973964691
2023-04-19,0.804579973220825
2023-04-20,0.803799986839294
2023-04-23,0.803229987621307
2023-04-24,0.800000011920929
2023-04-25,0.805490016937256
2023-04-26,0.801829993724823
2023-04-27,0.800159990787506
2023-04-30,0.796329975128174
2023-05-01,0.800899982452393
2023-05-02,0.801500022411346
2023-05-03,0.795610010623932
2023-05-04,0.794700026512146
2023-05-07,0.791729986667633
2023-05-08,0.792850017547607
2023-05-09,0.792100012302399
2023-05-10,0.791953980922699
2023-05-11,0.799480020999908
2023-05-14,0.803149998188019
2023-05-15,0.798389971256256
2023-05-16,0.800999999046326
2023-05-17,0.801101982593536
2023-05-18,0.805649995803833
2023-05-21,0.802500009536743
2023-05-22,0.804220020771027
2023-05-23,0.805329978466034
2023-05-24,0.808340013027191
2023-05-25,0.811800003051758
2023-05-28,0.809920012950897
2023-05-29,0.809759974479675
2023-05-30,0.805679976940155
2023-05-31,0.803409993648529
2023-06-01,0.798340022563934
2023-06-04,0.804489970207214
2023-06-05,0.804300010204315
2023-06-06,0.80460000038147
2023-06-07,0.80348002910614
2023-06-08,0.796209990978241
2023-06-11,0.794849991798401
2023-06-12,0.799019992351532
2023-06-13,0.793219983577728
2023-06-14,0.789210021495819
2023-06-15,0.782119989395142
2023-06-18,0.779399991035461
2023-06-19,0.781570017337799
2023-06-20,0.783370018005371
2023-06-21,0.782959997653961
2023-06-22,0.784489989280701
2023-06-25,0.785570025444031
2023-06-26,0.786660015583038
2023-06-27,0.7846400141716
2023-06-28,0.790979981422424
2023-06-29,0.79272997379303
2023-07-02,0.787819981575012
2023-07-03,0.787840008735657
2023-07-04,0.786310017108917
2023-07-05,0.78711998462677
2023-07-06,0.784759998321533
2023-07-09,0.778880000114441
2023-07-10,0.777320027351379
2023-07-11,0.773109972476959
2023-07-12,0.769450008869171
2023-07-13,0.761699974536896
2023-07-16,0.763930022716522
2023-07-17,0.765009999275208
2023-07-18,0.767159998416901
2023-07-19,0.772809982299805
2023-07-20,0.776859998703003
2023-07-23,0.777999997138977
2023-07-24,0.780480027198792
2023-07-25,0.775560021400452
2023-07-26,0.773559987545013
2023-07-27,0.781629979610443
2023-07-30,0.777970016002655
2023-07-31,0.779179990291595
2023-08-01,0.78150999546051
2023-08-02,0.786140024662018
2023-08-03,0.786390006542206
2023-08-06,0.784439980983734
2023-08-07,0.78235000371933
2023-08-08,0.7848299741745
2023-08-09,0.786159992218018
2023-08-10,0.789260029792786
2023-08-13,0.787710011005402
2023-08-14,0.788320004940033
2023-08-15,0.787320017814636
2023-08-16,0.785660028457642
2023-08-17,0.784300029277802
2023-08-20,0.7848100066185
2023-08-21,0.783649981021881
2023-08-22,0.785449981689453
2023-08-23,0.786130011081696
2023-08-24,0.794099986553192
2023-08-27,0.794300019741058
2023-08-28,0.792949974536896
2023-08-29,0.791339993476868
2023-08-30,0.786670982837677
2023-08-31,0.789089977741241
2023-09-03,0.794189989566803
2023-09-04,0.792200028896332
2023-09-05,0.795509994029999
2023-09-06,0.800080001354218
2023-09-07,0.801599979400635
2023-09-10,0.800641000270844
2023-09-11,0.799440026283264
2023-09-12,0.800530016422272
2023-09-13,0.800670027732849
2023-09-14,0.806330025196075
2023-09-17,0.806609988212585
2023-09-18,0.807510018348694
2023-09-19,0.806869983673096
2023-09-20,0.811100006103516
2023-09-21,0.813390016555786
2023-09-24,0.816869974136353
2023-09-25,0.818790018558502
2023-09-26,0.823260009288788
2023-09-27,0.824039995670319
2023-09-28,0.819350004196167
2023-10-01,0.82014000415802
2023-10-02,0.827049970626831
2023-10-03,0.827920019626617
2023-10-04,0.823899984359741
2023-10-05,0.820500016212463
2023-10-08,0.818270027637482
2023-10-09,0.816299974918365
2023-10-10,0.813579976558685
2023-10-11,0.811930000782013
2023-10-12,0.820800006389618
2023-10-15,0.822790026664734
2023-10-16,0.818899989128113
2023-10-17,0.821099996566772
2023-10-18,0.823490023612976
2023-10-19,0.823909997940063
2023-10-22,0.822099983692169
2023-10-23,0.816309988498688
2023-10-24,0.822239995002747
2023-10-25,0.826210021972656
2023-10-26,0.823920011520386
2023-10-30,0.825510025024414
2023-10-31,0.821979999542236
2023-11-01,0.822899997234344
2023-11-02,0.820869982242584
2023-11-03,0.820219993591309
2023-11-06,0.80816000699997
2023-11-07,0.810010015964508
2023-11-08,0.813549995422363
2023-11-09,0.814000010490417
2023-11-10,0.818530023097992
2023-11-13,0.817780017852783
2023-11-14,0.81428998708725
2023-11-15,0.80035001039505
2023-11-16,0.805000007152557
2023-11-17,0.805480003356934
2023-11-20,0.802919983863831
2023-11-21,0.79941999912262
2023-11-22,0.797179996967316
2023-11-23,0.800639986991882
2023-11-24,0.797860026359558
2023-11-27,0.793630003929138
2023-11-28,0.791490018367767
2023-11-29,0.786639988422394
2023-11-30,0.787625014781952
2023-12-01,0.791660010814667
2023-12-04,0.786589980125427
2023-12-05,0.791509985923767
2023-12-06,0.794000029563904
2023-12-07,0.796259999275208
2023-12-08,0.794309973716736
2023-12-11,0.796509981155396
2023-12-12,0.796519994735718
2023-12-13,0.795499980449677
2023-12-14,0.792209982872009
2023-12-15,0.782999992370605
2023-12-18,0.789120018482208
2023-12-19,0.79040002822876
2023-12-20,0.785380005836487
2023-12-21,0.791059970855713
2023-12-22,0.788332998752594
2023-12-25,0.788829982280731
2023-12-26,0.78710001707077
2023-12-27,0.785719990730286
2023-12-28,0.781199991703033
2023-12-29,0.785300016403198
2024-01-01,0.785546004772186
2024-01-02,0.785619974136353
2024-01-03,0.792200028896332
2024-01-04,0.788999974727631
2024-01-05,0.788389980792999
2024-01-08,0.786300003528595
2024-01-09,0.784609973430634
2024-01-10,0.78659999370575
2024-01-11,0.784609973430634
2024-01-12,0.78260999917984
2024-01-15,0.785139977931976
2024-01-16,0.786400020122528
2024-01-17,0.791230022907257
2024-01-18,0.788839995861053
2024-01-19,0.786790013313293
2024-01-22,0.787410020828247
2024-01-23,0.786970019340515
2024-01-24,0.787899971008301
2024-01-25,0.786239981651306
2024-01-26,0.786889970302582
2024-01-29,0.78754997253418
2024-01-30,0.78658002614975
2024-01-31,0.787679970264435
2024-02-01,0.78873997926712
2024-02-02,0.784479975700378
2024-02-05,0.792270004749298
2024-02-06,0.797800004482269
2024-02-07,0.793240010738373
2024-02-08,0.791930019855499
2024-02-09,0.792360007762909
2024-02-12,0.791310012340546
2024-02-13,0.791920006275177
2024-02-14,0.79423999786377
2024-02-15,0.795650005340576
2024-02-16,0.793699979782104
2024-02-19,0.792949974536896
2024-02-20,0.794430017471313
2024-02-21,0.791930019855499
2024-02-22,0.791260004043579
2024-02-23,0.789659976959229
2024-02-26,0.789099991321564
2024-02-27,0.788359999656677
2024-02-28,0.788540005683899
2024-02-29,0.789699971675873
2024-03-01,0.792050004005432
2024-03-04,0.789870023727417
2024-03-05,0.787899971008301
2024-03-06,0.78710001707077
2024-03-07,0.785210013389587
2024-03-08,0.78030002117157
2024-03-11,0.777899980545044
2024-03-12,0.780043005943298
2024-03-13,0.781499981880188
2024-03-14,0.781120002269745
2024-03-15,0.784569978713989
2024-03-18,0.785459995269775
2024-03-19,0.785719990730286
2024-03-20,0.786199986934662
2024-03-21,0.781350016593933
2024-03-22,0.789770007133484
2024-03-25,0.793780028820038
2024-03-26,0.791270017623901
2024-03-27,0.791859984397888
2024-03-28,0.792599976062775
2024-03-29,0.791999995708466
2024-03-31,0.791310012340546
2024-04-01,0.797100007534027
2024-04-02,0.795109987258911
2024-04-03,0.79040002822876
2024-04-04,0.791127026081085
2024-04-07,0.792060017585754
2024-04-08,0.789969980716705
2024-04-09,0.788789987564087
2024-04-10,0.797599971294403
2024-04-11,0.796509981155396
2024-04-14,0.802450001239777
2024-04-15,0.803380012512207
2024-04-16,0.804440021514893
2024-04-17,0.802969992160797
2024-04-18,0.804009974002838
2024-04-21,0.808030009269714
2024-04-22,0.809700012207031
2024-04-23,0.802999973297119
2024-04-24,0.802600026130676
2024-04-25,0.79941999912262
2024-04-28,0.799329996109009
2024-04-29,0.796190023422241
2024-04-30,0.80062997341156
2024-05-01,0.797490000724792
2024-05-02,0.797410011291504
2024-05-05,0.797379970550537
2024-05-06,0.796190023422241
2024-05-07,0.799910008907318
2024-05-08,0.800429999828339
2024-05-09,0.798359990119934
2024-05-12,0.798539996147156
2024-05-13,0.796060025691986
2024-05-14,0.794579982757568
2024-05-15,0.788020014762878
2024-05-16,0.789140999317169
2024-05-19,0.787000000476837
2024-05-20,0.786729991436005
2024-05-21,0.786700010299683
2024-05-22,0.786099970340729
2024-05-23,0.787769973278046
2024-05-26,0.785170018672943
2024-05-27,0.782939970493317
2024-05-28,0.783800005912781
2024-05-29,0.78752601146698
2024-05-30,0.785520017147064
2024-06-02,0.784699976444244
2024-06-03,0.780629992485046
2024-06-04,0.782899975776672
2024-06-05,0.781570017337799
2024-06-06,0.78166002035141
2024-06-09,0.785579979419708
2024-06-10,0.785769999027252
2024-06-11,0.784900009632111
2024-06-12,0.781480014324188
2024-06-13,0.783999979496002
2024-06-16,0.788450002670288
2024-06-17,0.786410987377167
2024-06-18,0.786939978599548
2024-06-19,0.786040008068085
2024-06-20,0.789860010147095
2024-06-23,0.79119998216629
2024-06-24,0.788429975509644
2024-06-25,0.78839498758316
2024-06-26,0.79228001832962
2024-06-27,0.790780007839203
2024-06-30,0.790600001811981
2024-07-01,0.790780007839203
2024-07-02,0.787999987602234
2024-07-03,0.784449994564056
2024-07-04,0.783959984779358
2024-07-07,0.780852973461151
2024-07-08,0.78030002117157
2024-07-09,0.782000005245209
2024-07-10,0.778050005435944
2024-07-11,0.773769974708557
2024-07-14,0.771200001239777
2024-07-15,0.771009981632233
2024-07-16,0.77055299282074
2024-07-17,0.768790006637573
2024-07-18,0.77209997177124
2024-07-21,0.773209989070892
2024-07-22,0.773249983787537
2024-07-23,0.775099992752075
2024-07-24,0.775200009346008
2024-07-25,0.777800023555756
2024-07-28,0.777100026607513
2024-07-29,0.77758002281189
2024-07-30,0.778999984264374
2024-07-31,0.778020024299622
2024-08-01,0.785610020160675
2024-08-04,0.781989991664886
2024-08-05,0.78193998336792
2024-08-06,0.788349986076355
2024-08-07,0.788619995117188
2024-08-08,0.784470021724701
2024-08-11,0.784290015697479
2024-08-12,0.783010005950928
2024-08-13,0.777199983596802
2024-08-14,0.779500007629395
2024-08-15,0.777639985084534
2024-08-18,0.772369980812073
2024-08-19,0.769800007343292
2024-08-20,0.767139971256256
2024-08-21,0.763740003108978
2024-08-22,0.76349002122879
2024-08-25,0.756850004196167
2024-08-26,0.75805002450943
2024-08-27,0.754289984703064
2024-08-28,0.757939994335175
2024-08-29,0.759519994258881
2024-09-01,0.761699974536896
2024-09-02,0.760919988155365
2024-09-03,0.762539982795715
2024-09-04,0.760760009288788
2024-09-05,0.758870005607605
2024-09-08,0.761420011520386
2024-09-09,0.765030026435852
2024-09-10,0.764509975910187
2024-09-11,0.76690000295639
2024-09-12,0.76147997379303
2024-09-15,0.761151015758514
2024-09-16,0.756959974765778
2024-09-17,0.759450018405914
2024-09-18,0.757510006427765
2024-09-19,0.752910017967224
2024-09-22,0.751089990139008
2024-09-23,0.74906998872757
2024-09-24,0.744750022888184
2024-09-25,0.750988006591797
2024-09-26,0.745500028133392
2024-09-29,0.747200012207031
2024-09-30,0.747600018978119
2024-10-01,0.753350019454956
2024-10-02,0.753799974918365
2024-10-03,0.761600017547607
2024-10-06,0.76188999414444
2024-10-07,0.764249980449677
2024-10-08,0.76366001367569
2024-10-09,0.765209972858429
2024-10-10,0.765569984912872
2024-10-13,0.766340017318726
2024-10-14,0.765259981155396
2024-10-15,0.765349984169006
2024-10-16,0.769810020923615
2024-10-17,0.768299996852875
2024-10-20,0.766129970550537
2024-10-21,0.770240008831024
2024-10-22,0.770250022411346
2024-10-23,0.774370014667511
2024-10-24,0.770810008049011
2024-10-28,0.771709978580475
2024-10-29,0.770730018615723
2024-10-30,0.768400013446808
2024-10-31,0.771629989147186
2024-11-01,0.775330007076263
2024-11-04,0.77199798822403
2024-11-05,0.771929979324341
2024-11-06,0.76665997505188
2024-11-07,0.776199996471405
2024-11-08,0.770280003547668
2024-11-11,0.774169981479645
2024-11-12,0.776700019836426
2024-11-13,0.784979999065399
2024-11-14,0.786979973316193
2024-11-15,0.789399981498718
2024-11-18,0.792540013790131
2024-11-19,0.788689970970154
2024-11-20,0.787739992141724
2024-11-21,0.790180027484894
2024-11-22,0.794610023498535
2024-11-25,0.794040024280548
2024-11-26,0.79789000749588
2024-11-27,0.795300006866455
2024-11-28,0.788789987564087
2024-11-29,0.787599980831146
